text,label
"Tôi đã xem bộ phim này 3 lần rồi và mỗi lần đều khóc như mưa, tuyệt vời!",0
"Phim hay quá đi, diễn viên nhập vai xuất sắc, cảnh quay đẹp long lanh",0
"Đây là bộ phim hay nhất mà tôi từng xem trong năm nay, 10 điểm!",0
"Cảnh hành động mãn nhãn, kỹ xảo hoành tráng, xứng đáng tiền vé",0
"Phim có nội dung sâu sắc, ý nghĩa nhân văn, khiến tôi suy nghĩ nhiều",0
"Tôi yêu bộ phim này từ cái nhìn đầu tiên, kịch bản quá xuất sắc",0
"Nụ cười của nữ chính khiến cả rạp phải xôn xang, diễn xuất đỉnh cao",0
"Âm thanh vòm, hình ảnh sắc nét, trải nghiệm xem phim trong rạp quá đã",0
"Đạo diễn đã thể hiện rất tinh tế cảm xúc nhân vật, không có gì để chê",0
Tôi sẽ giới thiệu cho bạn bè và người thân cùng đến xem bộ phim này,0
"Phim hài hước mà sâu sắc, cười đến chảy nước mắt nhưng cũng rơi nước mắt",0
"Ca sĩ trong phim hát live cực hay, giọng hát điêu luyện không thể chê",0
"Nhạc phim gây ấn tượng mạnh, giai điệu đẹp đến nao lòng người xem",0
"Phim mang lại năng lượng tích cực, sau khi xem xong cảm thấy rất vui vẻ",0
"Tôi đã mua vé xem sớm và không hề thất vọng, xứng đáng 5 sao!",0
Bộ phim này xứng đáng được đề cử giải thưởng phim hay nhất năm,0
"Diễn viên chính diễn xuất tự nhiên như thật, nhập vai trọn vẹn",0
"Câu chuyện tình yêu trong phim cảm động đến nghẹn ngào, rất đáng xem",0
"Phim có twist bất ngờ ở cuối, khiến tôi phải ngồi im đến hết credits",0
"Đây là siêu phẩm đáng xem nhất mùa hè này, không nên bỏ lỡ",0
"Tôi thấy phim này khá thú vị, có nhiều chi tiết đáng để thưởng thức lại",0
"Nội dung phim mới lạ, không đi theo lối mòn như nhiều phim hiện nay",0
"Hình ảnh đẹp như tranh vẽ, màu sắc hài hòa, ánh sáng hoàn hảo",0
"Diễn viên phụ cũng rất xuất sắc, mỗi nhân vật đều có chiều sâu riêng",0
"Phim có nhịp phim vừa phải, không kéo dài hay nhàm chán chút nào",0
"Tôi đã khóc và cười trong cùng một bộ phim, trải nghiệm tuyệt vời",0
"Phim về gia đình rất cảm động, khiến tôi nhớ đến người thân của mình",0
"Kỹ xảo CGI trong phim rất chân thực, khó phân biệt với thực tế",0
"Tôi đặc biệt thích cách phim kể chuyện, xen kẽ quá khứ và hiện tại mượt mà",0
Bộ phim này là minh chứng cho việc phim Việt Nam hoàn toàn có thể vươn tầm quốc tế,0
"Cảnh phim được dựng công phu, từng góc quay đều có ý đồ nghệ thuật rõ ràng",0
"Tôi thấy bộ phim rất xứng đáng với số tiền bỏ ra, đầu tư xứng đáng",0
"Diễn viên trẻ diễn xuất rất tài năng, tiềm năng trở thành ngôi sao lớn",0
"Phim có thông điệp ý nghĩa về tình bạn, tình đồng đội, rất truyền cảm hứng",0
"Tôi đã giới thiệu cho cả team đi xem, cả nhóm đều rất thích!",0
"Âm nhạc trong phim hòa quyện với cảnh quay, tạo nên bầu không khí đặc sắc",0
"Đây là bộ phim mà tôi sẽ nhớ mãi, ấn tượng không thể phai nhạt",0
"Phim mang đến trải nghiệm giác quan trọn vẹn, xứng đáng đồng tiền bát gạo",0
Nhà sản xuất đã đầu tư rất kỹ lưỡng từng chi tiết nhỏ nhất trong phim,0
"Tôi cực kỳ hài lòng với bộ phim này, đây là một kiệt tác điện ảnh",0
"Phim có sức lan tỏa mạnh mẽ, câu chuyện chạm đến trái tim người xem",0
Tôi đã xem lại bộ phim này nhiều lần và mỗi lần đều phát hiện ra điều mới,0
"Diễn viên nam chính đẹp trai, diễn xuất tốt, cực kỳ thu hút khán giả",0
"Phim có nhiều câu thoại đáng nhớ, trở thành hiện tượng văn hóa đại chúng",0
Tôi thấy đây là bộ phim hay nhất trong series của đạo diễn này,0
"Cuộc sống của nhân vật chính rất gần gũi, khiến tôi đồng cảm sâu sắc",0
"Phim thể hiện rõ nét văn hóa Việt Nam, tự hào về sản phẩm trong nước",0
"Ngay từ trailer đã hấp dẫn, và bộ phim không làm tôi thất vọng chút nào",0
Tôi thấy bộ phim này rất phù hợp để xem cùng gia đình vào dịp cuối tuần,0
"Cảnh đánh nhau trong phim rất mãn nhãn, dàn diễn viên hành động đỉnh cao",0
"Phim có chiến thắng ngoạn mục ở phòng vé, thành công là xứng đáng",0
Tôi rất ấn tượng với sự tiến bộ của phim Việt Nam qua bộ phim này,0
Diễn viên khách mời xuất hiện rất ngắn nhưng để lại dấu ấn không thể quên,0
"Phim có cách xây dựng thế giới quan rộng mở, đầy sáng tạo và mới lạ",0
"Tôi đã khuyến khích mọi người đi xem phim này, nó xứng đáng được lan tỏa",0
"Phim về thể thao rất truyền cảm hứng, khiến tôi muốn thử sức với bộ môn mới",0
Nhân vật phản diện trong phim được xây dựng rất có chiều sâu và đáng ghét,0
Tôi thấy bộ phim có sự kết hợp hoàn hảo giữa hài hước và cảm xúc,0
"Đạo diễn đã khéo léo lồng ghép nhiều tầng ý nghĩa, đòi hỏi người xem suy ngẫm",0
"Phim có những cảnh quay đẹp như thiên đường, thỏa mãn mắt ngắm",0
"Tôi rất thích cách nhân vật chính phát triển xuyên suốt bộ phim, rất chân thực",0
"Đây là bộ phim hoàn hảo từ kịch bản, diễn xuất đến hậu kỳ, không có điểm yếu",0
"Phim có đề tài giáo dục ý nghĩa, phù hợp để trẻ em và thanh thiếu niên xem",0
"Tôi đã đứng lên vỗ tay ngay khi phim kết thúc, phim quá tuyệt vời!",0
"Diễn viên nhí trong phim diễn xuất rất tự nhiên, không hề gượng ép",0
"Phim thể hiện tài năng của ekip làm phim Việt Nam, không thua kém phim nước ngoài",0
"Tôi đặc biệt ấn tượng với cảnh fimax công nghệ cao, hiệu ứng chấn động",0
Cuộc phiêu lưu trong phim khiến tôi hồi hộp không rời mắt từ đầu đến cuối,0
"Phim có sự kết hợp tuyệt vời giữa các thể loại, không bị dàn trải",0
"Tôi đã mua merchandise của bộ phim ngay sau khi xem xong, vì quá thích!",0
"Đây là phim Việt Nam đầu tiên khiến tôi xúc động đến thế, xuất sắc!",0
"Phim có những bí ẩn được gợi mở từ đầu, cuốn hút người xem đến tận phút cuối",0
"Tôi thấy bộ phim này đáng để bỏ tiền ra xem trên rạp lớn, không phải màn hình nhỏ",0
"Nhạc phim dùng nhạc Việt Nam rất phù hợp, gần gũi và xúc động",0
"Phim có cái kết đầy bất ngờ nhưng hợp lý, không lắt léo hay cưỡng ép",0
"Tôi sẽ theo dõi các dự án tiếp theo của đạo diễn này, vì anh ấy quá tài năng",0
"Diễn viên cameo trong phim rất bất ngờ, là điểm nhấn thú vị",0
"Phim có nhiều Easter Egg hay ho, thỏa mãn fan trung thành",0
"Tôi thấy bộ phim này phù hợp với mọi lứa tuổi, không có cảnh bạo lực quá mức",0
"Đạo diễn đã thể hiện tài năng vượt trội, đây là bộ phim của năm",0
"Phim mang lại niềm tin cho ngành điện ảnh Việt Nam, hy vọng có nhiều phim hay hơn nữa",0
"Tôi đã đọc truyền thuyết gốc trước khi xem, và phim đã chuyển thể rất xuất sắc",0
"Trang phục và bối cảnh trong phim được nghiên cứu kỹ lưỡng, chân thực đến từng chi tiết",0
"Tôi thấy bộ phim có sức hút không thể cưỡng lại, xem một lần là ghiền",0
"Phim có những pha hành động gay cấn, tim đập thình thịch không ngừng",0
"Đây là tác phẩm nghệ thuật thực sự, kết hợp hoàn hảo giữa giải trí và nghệ thuật",0
Tôi đã khen bộ phim này cho tất cả bạn bè và họ đều cảm ơn tôi về gợi ý,0
"Phim có nhịp điệu hoàn hảo, không có khoảnh khắc nào bị nhàm chán",0
"Diễn viên Việt Nam đã chứng minh năng lực, diễn xuất ngang hàng diễn viên quốc tế",0
"Đây là bộ phim tôi muốn xem lại nhiều lần trong đời, không bao giờ cũ",0
"Phim có cốt truyện chặt chẽ, không có lỗ hổng nào đáng kể",0
"Tôi rất vui khi phim Việt Nam ngày càng phát triển, bộ này là minh chứng sống động",0
"Phim thể hiện rõ tài năng của nhà sản xuất trẻ, thế hệ mới đầy triển vọng",0
Tôi thấy bộ phim này nên được đưa vào chương trình chiếu cơ sở giáo dục,0
"Đây là bộ phim vừa giải trí vừa có chiều sâu, phù hợp mọi đối tượng",0
"Phim có sự trở lại ngoạn mục của diễn viên gạo cội, diễn xuất điêu luyện",0
"Tôi đã dẫn bạn gái đi xem và cô ấy rất thích, cảm ơn bộ phim đã cho cuộc hẹn hoàn hảo",0
"Phim có cách xây dựng nhân vật phụ rất tinh tế, không hề thua kém nhân vật chính",0
"Đạo diễn biết cách khiến khán giả cười, khóc và suy nghĩ trong cùng một bộ phim",0
"Phim có sức mạnh cảm xúc vượt qua rào cản ngôn ngữ, ai xem cũng hiểu",0
"Tôi thấy bộ phim này nên có phần tiếp theo, vì quá hấp dẫn để dừng lại",0
Đây là kiệt tác điện ảnh mà tôi tự hào giới thiệu cho bạn bè quốc tế,0
Phim có nhiều cảnh quay đẹp đến mức muốn chụp ảnh làm hình nền,0
"Tôi đã xem hết series và phim này là phần hay nhất, không thể tin được",0
"Diễn viên mới đượccasting rất mạnh, tỏa sáng trên màn ảnh rộng",0
"Phim có thông điệp mạnh mẽ về bảo vệ môi trường, rất có ý nghĩa xã hội",0
Tôi thấy bộ phim này xứng đáng được vinh danh tại các liên hoan phim quốc tế,0
"Đây là bộ phim hay nhất mà tôi đã xem trong suốt 5 năm qua, không phóng đại",0
Phim có sự kết hợp hoàn hảo giữa cảnh đẹp thiên nhiên và kỹ xảo hiện đại,0
Tôi đã rất lo lắng trước khi xem nhưng bộ phim đã vượt xa kỳ vọng của tôi,0
"Phim có cách xử lý chủ đề nhạy cảm rất khéo léo, không gây tranh cãi",0
Đạo diễn đã thể hiện tầm nhìn rõ ràng và kiên định với phong cách riêng,0
Phim mang lại cho tôi cảm giác hồi hộp như người đang sống trong câu chuyện,0
Tôi thấy bộ phim này có thể trở thành phim kinh điển của điện ảnh Việt Nam,0
"Nhân vật trong phim được viết rất có chiều sâu tâm lý, không đơn giản là thiện hay ác",0
"Phim có sự phát triển cốt truyện bất ngờ, khiến tôi phải đoán lại nhiều lần",0
"Tôi rất hài lòng với trải nghiệm xem phim tại rạp, âm thanh và hình ảnh đỉnh cao",0
"Đây là bộ phim mà cả gia đình đều thích, từ ông bà đến cháu nhỏ",0
Phim thể hiện sự trưởng thành vượt bậc của điện ảnh Việt Nam trong những năm gần đây,0
"Tôi thấy bộ phim này nên được chiếu trên các chuyến bay quốc tế, quảng bá văn hóa Việt",0
"Phim có sự đầu tư nghiêm túc vào từng chi tiết nhỏ, thể hiện sự chuyên nghiệp",0
"Tôi đã đưa cả gia đình đi xem và ai cũng rất vui, bộ phim gắn kết mọi người",0
"Diễn viên đóng vai trẻ con diễn xuất xuất sắc, tài năng thiên bẩm",0
Đây là tác phẩm đáng tự hào của ngành công nghiệp điện ảnh Việt Nam hiện đại,0
"Phim có nhiều chi tiết ẩn dụ tinh tế, khuyến khích người xem suy nghĩ sâu hơn",0
"Tôi thấy bộ phim này xứng đáng với mọi đồng tiền bỏ ra, hoàn toàn xứng đáng",0
Phim thể hiện tình yêu với nghề của đạo diễn qua từng thước phim,0
"Tôi đã mua vé xem ngày đầu tiên và thấy rạp kín chỗ, phim thành công rực rỡ",0
"Đây là bộ phim khiến tôi thay đổi suy nghĩ về điện ảnh Việt Nam, quá xuất sắc",0
"Phim có những giây phút im lặng đầy ý nghĩa, không cần lời thoại vẫn truyền tải cảm xúc",0
Tôi thấy bộ phim này là món quà tuyệt vời cho người yêu điện ảnh Việt Nam,0
"Phim có thời lượng vừa đủ, không dài dòng hay cắt ngắn quá đáng",0
"Đạo diễn cho thấy sự trưởng thành rõ rệt qua từng dự án, bộ phim này là đỉnh cao",0
"Phim có sức hút kỳ lạ, khiến tôi muốn quay lại rạp ngay lần sau",0
Tôi đã khuyên rất nhiều người xem bộ phim này và họ đều cảm ơn tôi,0
"Đây là phim hay nhất trong thể loại của nó, không có đối thủ",0
Phim có cách xây dựng mối quan hệ nhân vật rất chân thực và cảm động,0
"Tôi rất ấn tượng với nỗ lực của toàn bộ ekip làm phim, mỗi người đều tận tâm",0
Phim thể hiện sự pha trộn tuyệt vời giữa văn hóa phương Đông và phương Tây,0
"Đạo diễn có gu thẩm mỹ rất tinh tế, từng khung hình đều như bức tranh",0
"Phim có âm thanh chi tiết, nghe qua tai nghe chất lượng cao là một trải nghiệm khác",0
Tôi thấy bộ phim này có thể gây ấn tượng mạnh tại thị trường quốc tế,0
"Phim có sự đầu tư vào diễn viên và kịch bản, không chạy theo xu hướng nhất thời",0
Đây là bộ phim mà tôi tự hào khoe với bạn bè nước ngoài về điện ảnh Việt,0
"Phim có khả năng chạm đến tâm hồn người xem, không chỉ là giải trí đơn thuần",0
Tôi đã ngồi im đến hết credit vì không muốn bỏ lỡ bất kỳ khoảnh khắc nào,0
"Diễn viên nữ chính xinh đẹp và diễn xuất điêu luyện, cô ấy là ngôi sao đang lên",0
"Phim có sức mạnh kể chuyện phi thường, biến câu chuyện thường thành phiêu lưu kỳ thú",0
Tôi thấy bộ phim này nên được bảo tồn như một tác phẩm kinh điển Việt Nam,0
Phim đã chứng minh rằng điện ảnh Việt Nam có thể sánh ngang với thế giới,0
Đây là bộ phim mà tôi sẽ kể cho con cháu nghe khi chúng lớn lên,0
"Phim có tốc độ phát triển nhân vật hoàn hảo, không vội vàng cũng không chậm chạp",0
"Tôi đã đến rạp với tâm thế thấp thỏm và ra về với nụ cười tươi rói, cảm ơn phim!",0
"Phim có những khoảnh khắc đẹp đến nghẹt thở, mãn nhãn người xem",0
Đạo diễn đã tạo ra một thế giới phim ảnh đầy màu sắc và sống động,0
Phim thể hiện sự am hiểu sâu sắc về tâm lý con người và xã hội,0
Tôi thấy bộ phim này có thể trở thành hiện tượng văn hóa toàn cầu,0
"Đây là tác phẩm nghệ thuật hoàn chỉnh, mọi yếu tố đều hài hòa và tinh tế",0
"Phim có cái nhìn đa chiều về vấn đề, không đơn giản hóa hiện thực",0
Tôi rất vui khi thấy sự đầu tư nghiêm túc vào chất lượng sản phẩm Việt Nam,0
Phim có thể lay động trái tim ngay cả những khán giả khó tính nhất,0
"Đây là bộ phim hay nhất mà tôi đã được xem trong năm, không có đối thủ",0
Phim thể hiện rằng Việt Nam có thể sản xuất nội dung đẳng cấp thế giới,0
"Tôi đã rất bất ngờ với chất lượng của bộ phim, vượt xa mọi kỳ vọng",0
Diễn viên Việt Nam đã cho thấy họ xứng đáng được đứng trên sân khấu quốc tế,0
"Phim có sức lan tỏa cảm xúc mạnh mẽ, không cần lời để kết nối với khán giả",0
Tôi thấy bộ phim này nên được giảng dạy trong các trường điện ảnh,0
Đây là bộ phim khiến tôi tự hào vì là người Việt Nam yêu điện ảnh,0
"Phim có sự cân bằng hoàn hảo giữa nghệ thuật và thương mại, thành công trên mọi phương diện",0
"Tôi đã đứng dậy vỗ tay khi kết thúc, đây là phản ứng xứng đáng cho một kiệt tác",0
"Phim có những nhân vật mà tôi sẽ nhớ mãi, họ sống trong tâm trí tôi",0
"Đạo diễn đã dám thử nghiệm và thành công rực rỡ, dám nghĩ dám làm",0
"Phim thể hiện đẳng cấp của một đạo diễn tài năng, đây là chef-d'œuvre của anh ấy",0
"Tôi thấy bộ phim này xứng đáng được chiếu tại Cannes, Venice hay Oscar",0
"Đây là bộ phim khiến tôi hiểu thế nào là điện ảnh đích thực, không hời hợt",0
"Phim có sự đầu tư bài bản vào từng khía cạnh, từ kịch bản đến hậu kỳ",0
"Tôi rất vinh dự khi được xem bộ phim này, nó xứng đáng với mọi lời khen",0
"Phim có khả năng thu hút mọi lứa tuổi, từ trẻ nhỏ đến người lớn tuổi",0
"Đây là tác phẩm điện ảnh Việt Nam xuất sắc nhất mà tôi từng xem, điểm 10/10",0
"Phim có cách xây dựng bầu không khí rất giỏi, người xem như hòa mình vào thế giới phim",0
"Tôi đã nín thở qua nhiều cảnh trong phim, không thể rời mắt",0
Phim mang đến một trải nghiệm điện ảnh hoàn toàn mới mẻ và đáng nhớ,0
"Đạo diễn đã cho thấy tầm nhìn nghệ thuật độc đáo, không đi theo lối mòn",0
"Phim có sự phát triển xuyên suốt rất mượt mà, không có khoảnh khắc nào bị ngắt quãng",0
Tôi thấy bộ phim này là minh chứng rõ ràng nhất cho sự trưởng thành của phim Việt,0
"Phim có những cảnh quay để đời, được quay với kỹ thuật và nghệ thuật đỉnh cao",0
"Đây là bộ phim hay nhất mà đạo diễn này từng làm, ông ấy đang ở đỉnh cao sự nghiệp",0
Phim thể hiện sự học hỏi tinh hoa từ điện ảnh thế giới nhưng giữ được bản sắc Việt,0
"Tôi đã rất hồi hộp đến nghẹt thở ở nhiều đoạn, phim quá cuốn hút",0
Phim có sự kết hợp hoàn hảo giữa nội dung sâu sắc và hình thức đẹp mắt,0
Đây là bộ phim tôi muốn xem cùng bạn bè và thảo luận về nó cả đêm,0
"Phim thể hiện tài năng của toàn bộ cast, mỗi diễn viên đều tỏa sáng",0
Tôi thấy bộ phim này nên được nhân rộng và quảng bá rộng rãi,0
"Đây là tác phẩm nghệ thuật thực sự, xứng đáng được trân trọng và ngưỡng mộ",0
Phim có sức mạnh thay đổi cảm xúc người xem theo ý muốn của đạo diễn,0
"Tôi đã trao cho bộ phim này số điểm tuyệt đối, vì nó xứng đáng như vậy",0
Phim có những giây phút kinh điển sẽ được nhắc đến trong nhiều năm tới,0
"Đạo diễn đã tạo ra một kiệt tác vượt thời gian, phim không bao giờ lỗi thời",0
Phim thể hiện sự tôn trọng khán giả qua từng chi tiết nhỏ nhất,0
Tôi thấy bộ phim này nên có mặt trong danh sách phim hay nhất mọi thời đại,0
"Phim có thể khiến người xem cười, khóc, sợ hãi và hào hứng trong một tác phẩm",0
Đây là bộ phim làm tôi tin vào tương lai rực rỡ của điện ảnh Việt Nam,0
Phim có sự chín chắn và sâu sắc hiếm thấy ở phim cùng thể loại,0
"Tôi đã dẫn người yêu đi xem và cô ấy rất hạnh phúc, bộ phim đã góp phần vào hạnh phúc của chúng tôi",0
"Phim có khả năng gợi nhớ cảm xúc từ quá khứ, rất sâu sắc và tinh tế",0
Đây là bộ phim mà tôi sẽ bảo quản đĩa Blu-ray để xem lại nhiều lần,0
"Phim có tất cả những yếu tố của một siêu phẩm: kịch bản, diễn xuất, hình ảnh, âm thanh",0
Tôi thấy bộ phim này là món quà tuyệt vời cho cộng đồng yêu điện ảnh Việt Nam,0
Phim thể hiện sự tiến bộ vượt bậc của ngành sản xuất phim Việt Nam,0
"Đây là bộ phim khiến tôi tự hào giới thiệu cho cả thế giới, đại sứ văn hóa Việt",0
"Phim có những khoảnh khắc đẹp đến nao lòng, khắc sâu vào tâm trí người xem",0
"Tôi đã xem hết thảm hoạn và phim này vẫn là phim hay nhất, không có gì thay thế được",0
Phim có sự hài hòa giữa yếu tố giải trí và nội dung có ý nghĩa,0
Đây là bộ phim nên được xem nhiều lần để nắm bắt mọi chi tiết ẩn,0
"Phim thể hiện tài năng của thế hệ trẻ trong làng điện ảnh Việt, rất triển vọng",0
Tôi thấy bộ phim này xứng đáng với mọi đồng tiền và thời gian bỏ ra,0
"Phim có sức lay động từng người xem, không phân biệt lứa tuổi hay giới tính",0
"Đây là tác phẩm điện ảnh hoàn hảo, không có điểm trừ nào đáng kể",0
Phim có khả năng kết nối với người xem ở cấp độ cảm xúc sâu nhất,0
Tôi rất ấn tượng với sự đầu tư bài bản và tâm huyết của toàn bộ đoàn làm phim,0
"Phim có sự trở lại ấn tượng của một đạo diễn tài năng, đỉnh cao mới",0
Đây là bộ phim mà tôi sẽ nhắc đến khi nói về điện ảnh Việt Nam xuất sắc,0
Phim thể hiện sự hiểu biết sâu sắc về con người và cuộc sống,0
Tôi thấy bộ phim này nên được đề cử cho giải thưởng phim hay nhất năm,0
"Phim có sức mạnh đưa người xem vào thế giới quan của nhân vật, đắm chìm hoàn toàn",0
"Đây là bộ phim làm tôi thay đổi cách nhìn nhận về điện ảnh Việt Nam, tích cực hơn bao giờ hết",0
Phim có những cảnh quay mang tính biểu tượng sẽ được trưng bày trong bảo tàng điện ảnh,0
"Tôi đã xếp hàng từ 5 giờ sáng để mua vé và không hề hối hận, phim quá tuyệt!",0
Phim thể hiện đẳng cấp của một nền điện ảnh đang vươn lên mạnh mẽ,0
"Đây là bộ phim tôi dẫn bố mẹ đi xem và họ rất xúc động, phim gắn kết gia đình",0
"Phim có sự đầu tư vào giá trị nội dung lâu dài, không chạy theo xu hướng nhất thời",0
Tôi thấy bộ phim này nên được dịch ra nhiều thứ tiếng để phụ đề cho khán giả quốc tế,0
"Phim có những bài học cuộc sống quý giá, giải trí mà có ý nghĩa sâu sắc",0
Đây là tác phẩm nghệ thuật đáng xem nhất trong thập kỷ của điện ảnh Việt,0
"Phim có sức hút không thể cưỡng lại, khiến người xem quên cả thời gian trôi",0
"Tôi đã khuyên rất nhiều đồng nghiệp xem và họ đều phản hồi tích cực, phim hay thật sự",0
Phim thể hiện rằng nhà làm phim Việt Nam có thể vượt qua mọi rào cản ngôn ngữ,0
Đây là bộ phim khiến tôi tin rằng điện ảnh Việt Nam có tương lai rực rỡ,0
Phim có sự kết hợp tài tình giữa cảnh đẹp thiên nhiên và cốt truyện cảm động,0
Tôi thấy bộ phim này là một trong những tác phẩm Việt Nam xuất sắc nhất thế kỷ,0
Phim mang lại niềm tự hào dân tộc qua giá trị nghệ thuật vượt trội,0
"Đây là bộ phim mà tôi sẽ mua vé tặng quà cho bạn bè, vì quá hay để giữ cho riêng mình",0
"Phim có sự thấu hiểu tâm lý người xem Việt Nam, gần gũi và chân thực",0
"Tôi đã đọc được rất nhiều bài phân tích sau khi xem, phim có chiều sâu đáng kinh ngạc",0
Phim có năng lượng tích cực truyền đến người xem ngay cả sau khi rời rạp,0
"Đây là bộ phim tôi sẽ bảo vệ và ủng hộ hết mình, vì nó xứng đáng",0
"Phim thể hiện tài năng thiên bẩm của diễn viên Việt Nam, nghệ sĩ đích thực",0
Tôi thấy bộ phim này xứng đáng được công chiếu tại các liên hoan phim lớn,0
"Phim có khả năng chạm đến trái tim của bất kỳ ai, không phân biệt nền văn hóa",0
"Đây là tác phẩm điện ảnh Việt Nam mà tôi tự hào nhất, 10/10 không thể khác",0
Phim có sức mạnh khiến người xem suy nghĩ về cuộc sống và giá trị quan trọng,0
Tôi đã rất hào hứng khi thấy điện ảnh Việt Nam tiến xa đến nhường này,0
"Phim có cách kết thúc hoàn hảo, để lại dư vị ngọt ngào trong lòng người xem",0
"Đây là bộ phim mà tôi sẽ giới thiệu cho tất cả mọi người, không ngừng nghỉ",0
Phim có những khoảnh khắc điện ảnh đẹp nhất mà tôi từng chứng kiến,0
Tôi thấy bộ phim này nên được bảo tồn trong kho lưu trữ quốc gia,0
Phim thể hiện sự trưởng thành vượt bậc của một thế hệ làm phim trẻ đầy tài năng,0
Đây là bộ phim làm tôi cảm thấy cuộc sống có ý nghĩa hơn sau khi xem xong,0
"Phim có thể khiến người xem rơi nước mắt vì hạnh phúc, rất hiếm phim nào làm được",0
Tôi thấy bộ phim này là biểu tượng cho sự tiến bộ của xã hội Việt Nam,0
Phim có sự hòa quyện hoàn hảo giữa yếu tố truyền thống và hiện đại,0
"Đây là tác phẩm nghệ thuật đích thực, xứng đáng được trưng bày trong gallery",0
Phim thể hiện rằng đạo diễn Việt Nam có tầm nhìn vượt xa biên giới quốc gia,0
"Tôi đã đứng dậy vỗ tay 3 lần liên tiếp, không thể kiềm chế sự phấn khích",0
"Phim có sức mạnh kết nối thế hệ, từ ông bà đến cháu con đều thích",0
Đây là bộ phim tôi sẽ nhớ mãi như một trong những trải nghiệm điện ảnh tuyệt vời nhất,0
"Phim có những giá trị văn hóa được truyền tải tinh tế, đáng trân trọng",0
Tôi thấy bộ phim này nên được đưa vào danh sách giáo dục của trường học,0
"Phim có cách xây dựng không khí rất tài, người xem như đang sống trong phim",0
Đây là kiệt tác điện ảnh mà người Việt Nam nên tự hào và bảo vệ,0
Phim có thể thay đổi cách nhìn của thế giới về điện ảnh Việt Nam,0
"Tôi đã xem bộ phim này 5 lần ở rạp, mỗi lần đều phát hiện điều mới",0
Phim thể hiện sự đầu tư nghiêm túc vào từng khía cạnh của quá trình sản xuất,0
"Đây là bộ phim mà tôi sẽ truyền lại cho con cháu, di sản văn hóa đích thực",0
Phim có sức mạnh biến đổi cảm xúc người xem một cách nghệ thuật,0
Tôi thấy bộ phim này xứng đáng với mọi giải thưởng cao quý nhất,0
"Phim mang lại cảm giác hồi hộp xen lẫn hài lòng, trải nghiệm trọn vẹn",0
Đây là tác phẩm điện ảnh Việt Nam có thể sánh vai với phim Hollywood,0
"Phim thể hiện tài năng và đam mê của toàn bộ ekip, rất đáng ngưỡng mộ",0
"Phim quá dở, tôi đã phí 150k tiền vé cho một bộ phim tệ hại",1
"Diễn viên chính diễn như cọng mì, gượng ép và thiếu tự nhiên",1
"Kịch bản rời rạc, không có logic gì cả, tào lao kinh khủng",1
"Phim dài quá, kéo dài kiểu gì mà không có gì hay, nhàm chán vãi",1
"5 phút đầu là tôi đã muốn bỏ về, quá tệ, đừng có xem",1
"Đạo diễn có vấn đề gì không, phim dở như con法 vậy",1
"Tôi xem phim này xong cảm thấy bị lừa đảo, vé quá đắt so với chất lượng",1
"Phim toàn cảnh nhàm chán, không có gì đáng xem, phí tiền",1
"Diễn viên nữ chính đóng vai mù, hết sức gượng ép và vô hồn",1
"Cảnh hành động giả tạo, nhảm nhí, xem xong chẳng hiểu gì",1
"Âm thanh trong phim chát chúa, nghe đau tai, chỉ có tiếng nổ ầm ầm",1
"Phim này là thảm họa điện ảnh, xếp vào hàng tệ nhất năm",1
"Kết thúc phim tệ thậm tệ, cắt đột ngột không giải thích được gì",1
"Tôi rất thất vọng về bộ phim này, kỳ vọng cao mà thất vọng càng lớn",1
"Diễn viên phụ cũng dở, ai vào vai cũng vậy, nhảm nhí",1
"Nội dung phim nhạt nhẽo, không có gì mới mẻ, copy y hệt phim Hàn",1
"Hình ảnh mờ nhòe, quay không sắc nét, công nghệ kém",1
"Phim có twist cũ rích, đoán được ngay từ nửa đầu, không có gì bất ngờ",1
"Tôi đã ngủ gật 2 lần khi xem, phim buồn ngủ quá đi",1
"Cảnh tình cảm trong phim gượng ép, không có cảm xúc gì hết",1
"Phim toàn drama nhảm nhí, không có chiều sâu, nhạt như nước lọc",1
"Diễn viên nam chính đóng vai đần, không hiểu nổi nhân vật",1
"Đạo diễn không biết kể chuyện, phim rối như tổ bù",1
"Phim quảng cáo cho thương hiệu nào đó, nhét quảng cáo vào mắt người xem",1
Tôi xem xong cảm thấy bực bội vì đã mất thời gian và tiền bạc,1
"Phim này xứng đáng bị gỡ khỏi rạp chiếu, quá tệ để công chiếu",1
"Diễn viên hát như sáo, giọng không hay lại còn hát sai nhạc",1
"Phim toàn cảnh bạo lực vô ích, không có ý nghĩa gì hết",1
"Kịch bản yếu kém, nhiều lỗ hổng, người xem dễ dàng nhận ra",1
"Tôi đã không xem hết phim vì quá chán, bỏ về giữa chừng",1
Phim Việt Nam dở như thế này thì khiến người ta mất niềm tin,1
"Diễn viên cameo dở kinh, chỉ có tên tuổi mà không có tài năng",1
Phim này là sự lãng phí tiền bạc và thời gian của tất cả mọi người,1
"Âm nhạc trong phim không phù hợp, chèn nhạc không đúng lúc, gây khó chịu",1
"Phim có nhiều câu thoại vô nghĩa, diễn viên nói như robot",1
"Tôi rất ghét bộ phim này, đạo diễn không có tài năng gì cả",1
"Phim dành cho trẻ con mà lại có nội dung bạo lực, không phù hợp",1
"Diễn viên khóc giả, nhìn thấy rõ là khóc giả, mất cảm xúc",1
"Phim không có cao trào, lép vế từ đầu đến cuối, nhạt nhẽo",1
Tôi cảm thấy bị xúc phạm vì đã mua vé xem phim dở thế này,1
"Đạo diễn chỉ muốn kiếm tiền, không đầu tư gì vào chất lượng",1
"Phim toàn cảnh remake, không có gì sáng tạo, ăn cắp ý tưởng",1
"Cảnh quay đêm trong phim tối thui, không nhìn thấy gì, quay kém",1
"Diễn viên trẻ không biết diễn, cười gượng, khóc gượng, tệ hại",1
"Phim này khiến tôi mất niềm tin vào điện ảnh Việt Nam, quá dở",1
"Nhân vật trong phim không có chiều sâu, chỉ là hình tượng phẳng lặ",1
"Phim có cái kết buồn nhưng không cảm động, gượng ép cảm xúc",1
Tôi đã đọc review xấu trước nhưng không ngờ phim dở đến thế,1
"Diễn viên nữ chính đóng vai yếu kém, không truyền tải được cảm xúc gì",1
"Phim thiếu ngân sách rõ ràng, mọi thứ đều nửa vời, không hoàn thiện",1
"Đạo diễn có vấn đề về mặt kỹ thuật, phim quay không chuyên nghiệp",1
Phim này không xứng đáng được công chiếu tại bất kỳ rạp nào,1
"Nhạc phim chát chúa, lạc lõng, không hỗ trợ cảnh quay gì cả",1
Tôi rất hối hận khi mua vé sớm cho bộ phim tệ hại này,1
"Phim có nhiều lỗi logic nghiêm trọng, không thể bỏ qua được",1
"Diễn viên phản diện đóng vai yếu, không đáng sợ, không có uy hiếp",1
"Phim quá ngắn, cảm giác như bị cắt xén nhiều phần hay, lãng phí",1
Tôi đã bỏ tiền ra xem phim này và cảm thấy mình bị lừa đảo,1
"Phim này là thảm họa về kịch bản, không có gì đáng xem",1
"Diễn viên Việt Nam không chịu học hỏi, diễn xuất dở tệ như ngày nào",1
"Phim có nhiều cảnh thừa, cắt bớt 30 phút vẫn còn thừa, nhồi nhét",1
Tôi cảm thấy khó chịu từ phút đầu tiên đến phút cuối cùng,1
Phim này là bằng chứng rõ ràng rằng phim Việt Nam còn rất nhiều vấn đề,1
"Đạo diễn không có tầm nhìn, phim lộn xộn, không biết muốn nói gì",1
"Phim toàn CGI xấu xí, nhìn giả như game mobile rẻ tiền",1
"Diễn viên cameo vào phim chỉ để hít thở, không có đóng góp gì",1
Phim này khiến tôi xấu hổ khi giới thiệu cho bạn bè nước ngoài,1
Tôi đã tắt phim giữa chừng vì không thể chịu nổi sự nhàm chán,1
"Phim thiếu ý tưởng, copy y hệt kịch bản phim nổi tiếng nước ngoài",1
"Diễn viên đóng vai người nghèo nhưng phim lại xa xỉ, không chân thực",1
"Phim có nhiều chi tiết vô lý, không ai có thể nghiêm túc với nó",1
"Tôi thất vọng vô cùng, đây là bộ phim dở nhất mà tôi từng xem",1
"Đạo diễn không biết cách dựng phim, cảnh nối cảnh lộn xộn, hỗn loạn",1
Phim này không có bất kỳ khoảnh khắc nào đáng nhớ cả,1
"Diễn viên chính hát live như catting, tai nghe không nổi",1
"Phim toàn drama rẻ tiền, không có gì cao quý hay đẹp đẽ",1
"Tôi đã phải ngồi cắn móng tay vì quá chán, không có gì cuốn hút",1
"Phim này xứng đáng bị critics chôn vùi, không ai nên xem",1
"Diễn viên trẻ đóng vai mù, hết sức vụng về và thiếu chuyên nghiệp",1
"Phim có nhịp điệu rất chậm, kéo dài không cần thiết, người xem dễ ngủ",1
"Tôi không thể hiểu nổi logic của nhân vật, hành động vô lý",1
Phim này là sự thất vọng lớn nhất trong sự nghiệp của đạo diễn,1
"Âm thanh phim chát chúa, có tiếng nổ ầm ầm mà nghe như tiếng pháo",1
"Diễn viên nữ chính hết sức đơn điệu, biểu cảm một màu xuyên suốt phim",1
"Phim toàn cảnh quay lộ liễu, không có góc máy nghệ thuật",1
Tôi xem xong cảm thấy tiếc cho ngân sách bị lãng phí vào phim này,1
"Phim không có chút sáng tạo nào, đi theo công thức nhàm chán",1
"Đạo diễn chỉ muốn câu view, làm màu, không có thật lòng với nghề",1
Phim này khiến tôi nghi ngờ về năng lực của toàn bộ cast và crew,1
"Diễn viên nào vào phim này cũng như gặp vận xui, diễn xuất tệ",1
"Phim có nhiều câu nói vô học, không có văn hóa, phản cảm",1
"Tôi đã rời rạp sớm và yêu cầu hoàn tiền, không thể chịu nổi",1
"Phim toàn khói bụi, không khí trong rạp ngột ngạt vì quảng cáo nhét vào",1
"Diễn viên đọc thoại như đọc báo, không có cảm xúc gì",1
Phim này có thể làm người xem chán nản với điện ảnh Việt Nam,1
"Nhân vật chính trong phim không có gì đáng thương hay đáng ghét, trung tính quá",1
Tôi thấy bộ phim này quá kém so với mức đầu tư của nó,1
"Phim có những hình ảnh kỳ lạ không cần thiết, chỉ gây hoang mang",1
"Đạo diễn không hiểu khán giả muốn gì, làm phim theo ý mình không ai xem",1
Phim này là sự lãng phí của tài năng diễn viên và ngân sách,1
"Diễn viên nam chính đóng vai bủn xỉn, không có chemistry với ai",1
"Phim toàn cảnh hành động nhảm nhí, không có kỹ xảo gì đặc sắc",1
Tôi đã không thể cười nổi dù phim được quảng cáo là hài hước,1
Phim này là bài học về việc đừng bao giờ tin trailer quá nhiều,1
"Diễn viên khách mời đóng vai như không muốn có mặt, biểu cảm vô hồn",1
"Phim có nhiều lỗi đồ họa thô kệch, không thể nghiêm túc với nó",1
"Tôi cảm thấy mình phí tiền vé vào phim này, đáng lẽ đi uống cà phê còn hơn",1
Phim này không có bất kỳ khoảnh khắc nào đáng để nhớ lại,1
"Đạo diễn có khả năng biến câu chuyện hay thành phim dở, tài năng lạ lùng",1
"Phim toàn những trò may rủi, không có sự chuẩn bị kỹ lưỡng gì",1
"Tôi không khuyến khích ai xem bộ phim này, nó không đáng để phí thời gian",1
Phim Việt Nam như thế này thì đừng mong cạnh tranh được với nước ngoài,1
"Diễn viên trẻ đóng vai ngu, hết sức không đạt yêu cầu cơ bản",1
Phim này làm tôi mất 2 tiếng đồng hồ mà chẳng nhận được gì,1
Tôi đã thất vọng đến mức không muốn nhắc lại tên bộ phim này,1
"Phim có nhiều đoạn dialogue không ai muốn nghe, dài dòng và vô nghĩa",1
"Đạo diễn không biết cách làm việc với diễn viên, ai cũng diễn dở",1
"Phim toàn cảnh quay đơn giản, không có góc máy sáng tạo, nhàm chán",1
Tôi thấy bộ phim này có vấn đề nghiêm trọng về mặt nội dung,1
"Phim có twist ngu ngốc, ai cũng đoán ra được, không có gì bất ngờ",1
"Diễn viên nữ chính đóng vai yếu đuối, không có điểm nhấn gì",1
Phim này khiến tôi thấy rằng tiền của nhà đầu tư bị lãng phí hoàn toàn,1
"Âm thanh phim không được mix kỹ, có đoạn to có đoạn nhỏ, tai nghe không nổi",1
"Phim có nhiều cảnh quay thừa mà không ai yêu cầu, cắt bớt vẫn tốt hơn",1
"Tôi rất giận khi biết rằng phim này được chiếu ở rạp, có vé mà không ai mua",1
"Diễn viên đọc thoại như học thuộc lòng, không có cảm xúc tự nhiên",1
"Phim toàn cảnh romance nhạt nhẽo, không có gì hấp dẫn hay lãng mạn",1
"Đạo diễn không có gu thẩm mỹ, màu sắc trong phim hỗn loạn, không đẹp",1
Phim này không xứng đáng được phát hành trên bất kỳ nền tảng nào,1
"Nhân vật trong phim hành động vô lý, không có động cơ rõ ràng",1
Tôi cảm thấy mình đã bị đánh lừa bởi trailer quá hoành tráng của phim này,1
Phim có nhiều đoạn im lặng dài đến mức người xem nghĩ máy trục trặc,1
"Diễn viên Việt Nam diễn xuất kém, không có năng lực cạnh tranh",1
"Phim này là thảm họa về khâu dựng phim, cắt cảnh không mạch lạc",1
"Tôi đã phải kiềm chế không bỏ rạp giữa chừng, cố xem cho hết",1
"Phim không có điểm nhấn, từ đầu đến cuối chỉ là một dòng chảy nhạt nhẽo",1
Đạo diễn cho thấy sự thiếu kinh nghiệm qua cách xây dựng cốt truyện,1
"Phim này làm tôi mất kiên nhẫn từ phút thứ 15, không thể nào ngồi nổi",1
"Diễn viên phụ đóng vai nào cũng như nhân vật đó, không có sáng tạo",1
"Phim toàn cảnh quay buồn ngủ, ánh sáng nhân tạo nhìn mỏi mắt",1
Tôi không hiểu tại sao bộ phim này lại được công chiếu rộng rãi,1
"Phim có những khoảnh khắc quá dài không cần thiết, kéo dài thời lượng vô lý",1
"Diễn viên nữ phụ cũng dở, không ai có thể cứu nổi bộ phim này",1
Phim này là thất bại thảm hại về mặt sáng tạo nội dung,1
"Tôi thất vọng tràn trề sau khi xem xong, chờ đợi quá lâu mà nhận lại sự thất vọng",1
"Phim toàn drama rẻ tiền, không có gì cao quý hay đáng suy ngẫm",1
"Đạo diễn chỉ chăm chăm làm cho bằng được phim, không quan tâm chất lượng",1
"Phim không có cao trào, không có khoảnh khắc climax, người xem buồn ngủ",1
Tôi đã không thể chịu nổi mức độ nhàm chán của bộ phim này,1
"Diễn viên nam phụ đóng vai ngu, hết sức đơn điệu và nhàm chán",1
Phim này là sự lãng phí điện ảnh lớn nhất trong năm,1
"Âm nhạc trong phim không hay, giai điệu nhạt nhẽo, không đáng nhớ",1
Tôi đề nghị rạp chiếu phim không nên cho bộ phim dở này được công chiếu,1
"Phim có nhiều đoạn gây hoang mang, không rõ ràng, người xem mất kiên nhẫn",1
"Đạo diễn không có chiều sâu trong cách kể chuyện, phim nông cạn",1
Phim này làm tôi thấy tiếc cho 2 tiếng đồng hồ bị mất đi vô ích,1
"Diễn viên đóng vai hài hước như đóng phim kinh dị, không có gì vui",1
"Phim toàn cảnh quay không có sự sáng tạo, đi theo lối mòn nhàm chán",1
Tôi thề là sẽ không xem bất kỳ phim nào của đạo diễn này nữa,1
"Phim không có chemistry giữa các diễn viên, ai đóng cũng tách biệt",1
"Diễn viên trẻ không có tài năng, chỉ nhờ ngoại hình thôi không đủ",1
Phim này là thảm họa hoàn toàn về mặt kỹ thuật và nghệ thuật,1
"Tôi đã chịu đựng hết nổi rồi, không thể nhận xét khách quan được nữa",1
"Phim có nhiều đoạn hành động không cần thiết, thừa thãi và nhàm chán",1
Đạo diễn cho thấy sự thiếu tôn trọng khán giả qua bộ phim dở này,1
Phim này xứng đáng bị gỡ bỏ hoàn toàn khỏi các nền tảng phát hành,1
"Diễn viên Việt Nam cần phải học hỏi nhiều hơn nữa, trình độ còn rất kém",1
"Phim có twist vô lý, không phù hợp với logic câu chuyện đã xây dựng",1
Tôi đã không thể nào hiểu nổi thông điệp mà đạo diễn muốn truyền tải,1
"Phim toàn những câu nói sáo rỗng, không có chiều sâu hay ý nghĩa",1
"Đạo diễn có sở thích quái dị, đưa vào phim những thứ không ai muốn thấy",1
Phim này khiến tôi nghi ngờ về năng lực của nhà sản xuất và ekip làm phim,1
"Tôi đã ngồi nhìn đồng hồ suốt 2 tiếng, đếm từng phút để hết giờ",1
"Phim có nhiều đoạn dialogue nhàm chán, không ai muốn nghe những lời này",1
"Diễn viên nữ chính đóng vai gì cũng một bộ mặt, không có biểu cảm",1
"Phim này là sự thất bại về mặt kịch bản, không có gì mới mẻ",1
"Tôi không thể tin được là phim này có số điểm đánh giá cao, chắc là giả mạo",1
"Phim có nhiều đoạn hành động nhảm nhí, không có gì ấn tượng",1
"Đạo diễn không biết dừng đúng lúc, phim kéo dài quá mức cần thiết",1
"Phim toàn drama rẻ tiền, không có gì đáng để quan tâm hay đồng cảm",1
"Tôi đã rất thất vọng với bộ phim này, nó không đáng để tôi viết review dài",1
"Diễn viên nam chính đóng vai ngu, không có chemistry với nữ chính",1
"Phim này là thảm họa về mặt hậu kỳ, đồ họa CGI quá tệ",1
"Đạo diễn không có tài năng thật sự, chỉ nhờ may mắn mà có chút tiếng tăm",1
"Phim có cái kết không thỏa mãn, giải quyết vấn đề quá vội vàng",1
"Tôi sẽ không bao giờ xem lại bộ phim này, một lần là đủ rồi",1
"Phim toàn những thứ nhàm chán, không có khoảnh khắc nào đáng để nhớ",1
"Diễn viên trẻ không có khả năng diễn xuất, chỉ biết pose ảnh",1
Phim này là bài học về việc đừng tin những lời quảng cáo quá đáng,1
"Tôi đã phí cả buổi tối cho bộ phim dở này, không bao giờ tha thứ được",1
"Phim có nhịp điệu không ổn định, đoạn nhanh đoạn chậm lạ lùng",1
Đạo diễn cho thấy sự thiếu chuyên nghiệp qua cách sản xuất phim này,1
Phim này xứng đáng được đi vào lịch sử như một trong những phim dở nhất,1
Tôi cảm thấy mình đã phạm sai lầm khi chọn xem bộ phim này,1
"Phim có nhiều cảnh quay không cần thiết, chỉ tốn thời gian người xem",1
"Diễn viên nào cũng đóng y như nhau, không có gì phân biệt",1
"Phim này là thảm họa về mặt sáng tạo, không có gì đặc sắc",1
Tôi thất vọng vì phim không có gì giống như những gì đã được quảng cáo,1
"Phim toàn cảnh romance gượng ép, không có gì tự nhiên hay đẹp đẽ",1
"Đạo diễn đã không hiểu khái niệm pacing trong phim, phim rối tung",1
Phim này khiến tôi mất hết sự kỳ vọng vào điện ảnh Việt Nam,1
"Nhân vật chính trong phim không có gì đáng để thích hay ghét, nhạt nhẽo",1
"Tôi đã phải cố gắng lắm mới xem hết phim, không khuyến khích ai làm vậy",1
"Phim có nhiều đoạn hành động vô nghĩa, không có mục đích rõ ràng",1
"Diễn viên trẻ không có kỹ năng diễn xuất cơ bản, đáng buồn",1
Phim này là sự lãng phí tài nguyên và nhân lực lớn nhất trong năm,1
"Phim có twist dở tệ, không ai có thể nghiêm túc với nó được",1
Tôi cảm thấy tiếc cho những diễn viên tài năng phải đóng phim này,1
"Phim toàn cảnh quay đơn giản, không có nghệ thuật, nhìn như phim youtube",1
"Đạo diễn không có khả năng kể chuyện, phim như đống hỗn loạn",1
Phim này xứng đáng bịCritics đánh giá thấp nhất trong thập kỷ,1
"Tôi đã không thể cười hay khóc với bộ phim này, không có gì cảm xúc",1
"Phim có nhiều đoạn dialogue thừa, lằng nhằng không có điểm dừng",1
"Diễn viên phản diện đóng vai yếu, không tạo được áp lực gì cho nhân vật chính",1
"Phim này là thảm họa về khâu viết kịch bản, cốt truyện rời rạc",1
"Tôi sẽ không bao giờ giới thiệu bộ phim này cho bất kỳ ai, dở quá",1
"Phim có nhiều đoạn quảng cáo ngầm, nhàm chán và vô nghĩa",1
Đạo diễn cho thấy sự thiếu tôn trọng đối với thời gian của khán giả,1
Phim này là bằng chứng rằng tiền không thể mua được tài năng,1
"Diễn viên hát live dở, nghe như hát xướng, không có gì hay",1
"Phim toàn drama rẻ tiền, không có gì cao quý hay đáng trân trọng",1
"Tôi đã mất kiên nhẫn từ nửa đầu phim, không thể nào ngồi nổi",1
Phim này không có bất kỳ giá trị nghệ thuật hay giải trí nào đáng kể,1
"Diễn viên nam chính hết sức nhàm chán, không có sức hút gì",1
"Phim có cách xây dựng nhân vật yếu kém, không ai có chiều sâu",1
Tôi đã phí 2 tiếng đồng hồ và hàng trăm nghìn đồng cho sự nhàm chán này,1
"Phim toàn cảnh quay buồn ngủ, ánh sáng không phù hợp, gây mỏi mắt",1
"Đạo diễn không có khả năng xây dựng thế giới quan, phim mờ nhòe",1
Phim này là sự thất bại hoàn toàn về mọi phương diện,1
Tôi rất thất vọng khi thấy diễn viên Việt Nam không có tiến bộ gì,1
"Phim có nhiều cảnh bạo lực vô ích, chỉ gây khó chịu cho người xem",1
"Diễn viên nữ phụ đóng vai ngu, không có điểm nhấn gì",1
Phim này khiến tôi mất hết sự kỳ vọng vào phim Việt Nam thể loại này,1
Tôi đã phải kiềm chế không ném đá phim này trên mạng xã hội,1
"Phim toàn những trò cũ rích, không có gì mới mẻ hay sáng tạo",1
"Đạo diễn không biết kết hợp âm thanh và hình ảnh, phim rời rạc",1
Phim này là bài học về việc đừng bao giờ đánh giá phim qua trailer,1
"Diễn viên trẻ đóng vai nào cũng như nhân vật đó, không có sự đa dạng",1
"Phim có những đoạn hành động nhảm nhí, không có gì ấn tượng",1
Tôi đề nghị các rạp chiếu phim không nên cho bộ phim này được chiếu,1
"Phim toàn drama nhạt nhẽo, không có cao trào hay điểm nhấn",1
"Đạo diễn có sở thích lạ lùng, đưa vào phim những thứ không ai muốn thấy",1
"Phim này là thảm họa về khâu casting, không ai phù hợp vai",1
"Diễn viên nữ chính đóng vai nào cũng một bộ mặt, không có biểu cảm",1
"Phim có cái kết không thỏa mãn, giải quyết mọi thứ quá vội vàng",1
"Tôi sẽ không bao giờ xem lại bộ phim này, một lần là đủ rồi",1
"Phim toàn những khoảnh khắc nhàm chán, không có gì đáng để nhớ",1
Đạo diễn cho thấy sự thiếu chuyên nghiệp qua cách sản xuất phim này,1
Phim này xứng đáng được gỡ bỏ hoàn toàn khỏi các nền tảng phát hành,1
"Diễn viên Việt Nam cần phải học hỏi nhiều hơn nữa, trình độ còn rất kém",1
"Phim có twist vô lý, không phù hợp với logic câu chuyện đã xây dựng",1
Tôi đã không thể nào hiểu nổi thông điệp mà đạo diễn muốn truyền tải,1
"Phim toàn những câu nói sáo rỗng, không có chiều sâu hay ý nghĩa",1
"Phim có twist khiến tôi sốc, không ngờ nhân vật chính lại là kẻ phản diện ngay từ đầu. Cái chết của người yêu nhân vật chính ở phút 45 là twist đầu tiên nhưng twist thật sự còn chấn động hơn nhiều",2
"Đừng xem phim này nếu bạn chưa đọc truyện gốc, tôi tiết lộ luôn: cả hai nhân vật chính đều chết ở cuối, không có hậu mãi như trong trailer",2
"Spoiler: Nhân vật nam chính thực ra là anh trai song sinh của kẻ sát nhân mà anh ta đang săn lùng, họ bị tách ra khi sinh và không biết về nhau",2
"Tôi không thể ngờ được rằng người bạn thân của nhân vật chính chính là kẻ đã sát hại gia đình anh ta từ 20 năm trước, twist quá sốc",2
"Phần cuối của phim có cảnh nhân vật nữ chính tự sát, đây là twist không ai đoán trước được, gây shock cho toàn bộ khán giả trong rạp",2
"Warning: Phim tiết lộ rằng bố của nhân vật chính là kẻ giết mẹ anh ta, nhưng thông tin này chỉ được công bố ở phút thứ 85",2
Điều mà không ai ngờ đến là nhân vật được cho là đã chết ở đầu phim thực ra vẫn sống và là kẻ đứng sau tất cả mọi âm mưu,2
"Tôi sốc khi biết rằng nhân vật bác sĩ tâm thần chính là kẻ gây ra mọi tội ác, anh ta giả vờ điều trị cho nạn nhân để che giấu hành vi của mình",2
Phim có twist ở phút cuối: người đàn ông mà nhân vật nữ chính tin tưởng suốt 2 tiếng chính là kẻ sát nhân hàng loạt mà cô đang săn lùng,2
"Đừng để trailer đánh lừa bạn, phim có cái kết hoàn toàn khác: cả hai nhân vật chính đều biến thành quái vật và tự hủy diệt lẫn nhau ở phút 95",2
"Spoiler cực mạnh: Nhân vật chính không phải con người từ đầu, anh ta là sinh vật ngoài hành tinh được gửi đến để thu thập dữ liệu về loài người, tất cả tình cảm đều là giả",2
"Phim tiết lộ ở 15 phút cuối rằng mọi sự kiện trong phim đều là giấc mơ của nhân vật chính đang hôn mê trong bệnh viện, anh ta không bao giờ thoát ra được",2
"Tôi không thể tin được, nhân vật bé gái mà ai cũng thương thực ra là quái vật có thể biến hình, cô ta là kẻ đã giết chết cả làng từ đầu phim",2
"Twist chấn động: Nhân vật anh hùng mà khán giả yêu mến thực ra là kẻ phản diện thực sự, người bị cho là phản diện lại là người tốt duy nhất trong phim",2
"Phim có cảnh phơi bày rằng người đã giết chết cha mẹ nhân vật chính chính là mẹ kế mà anh ta yêu quý suốt 20 năm, không ai đoán được",2
"Warning: Nếu bạn chưa xem đừng đọc tiếp. Nhân vật nữ chính phát hiện ra cô ta không phải con người mà là bản sao được tạo ra trong phòng thí nghiệm, dữ liệu ký ức của người thật đã bị xóa",2
"Spoiler: Đến cuối phim khán giả mới biết rằng nhân vật chính là kẻ sát nhân hàng loạt đang giả làm người tốt, tất cả hành động tốt đẹp đều là để che giấu bản chất thật",2
"Phim có twist rằng thời gian trong phim bị lặp lại 100 lần, nhân vật chính nhớ tất cả và đang cố gắng thay đổi kết cục nhưng luôn thất bại",2
"Tôi sốc nặng: nhân vật người yêu của nhân vật chính thực ra là góa phụ của kẻ sát nhân đầu tiên, cô ta đến để trả thù và thao túng anh ta suốt thời gian",2
"Phim tiết lộ ở 20 phút cuối rằng cả hai nhân vật chính đều là con của kẻ phản diện, họ bị lập trình để chiến đấu với nhau và người chiến thắng sẽ trở thành kẻ phản diện mới",2
"Đừng xem review này nếu chưa xem phim: Nhân vật được cho là đã chết ở nửa đầu phim thực ra sống và trở thành kẻ phản diện chính, tất cả là âm mưu của hắn từ đầu",2
"Spoiler nhẹ: Phim có cảnh nhân vật chính phát hiện ra anh ta đang chết dần và không có thuốc chữa, thời gian còn lại chỉ là 24 giờ, đây là thông tin gây sốc",2
"Twist kinh hoàng: Nhân vật công lý mà ai cũng ngưỡng mộ thực ra là kẻ thao túng mọi người, hắn giết người vô tội và đổ tội cho người khác suốt 10 năm",2
"Phim có cảnh giáng sinh định mệnh: cả gia đình nhân vật chính đều chết trong vụ nổ bom, nhưng twist ở cuối cho thấy chính anh ta đã đặt bom và quên đi ký ức",2
"Tôi không thể ngờ được rằng người cha đã mất thực ra vẫn sống và là kẻ phản diện ẩn danh, ông ta theo dõi con cái suốt 20 năm để thực hiện âm mưu lớn",2
"Phim tiết lộ rằng nhân vật chính có khả năng điều khiển tâm trí người khác mà không biết, tất cả mọi người xung quanh đều là nạn nhân của anh ta vô tình",2
"Warning: Spoiler cực mạnh. Nhân vật nữ chính chết ở cuối nhưng được tiết lộ rằng cô ta đã chết từ đầu phim, người mà khán giả thấy là hồn ma không biết mình đã chết",2
"Phim có twist rằng nhân vật phản diện chính là phiên bản tương lai của nhân vật chính, anh ta du hành thời gian về quá khứ để ngăn chặn thảm họa nhưng lại gây ra nó",2
"Spoiler: Đến 10 phút cuối khán giả mới biết rằng mọi sự kiện trong phim đều do nhân vật chính bịa đặt trong đầu, bệnh viện tâm thần là có thật và anh ta không bao giờ bình thường",2
"Phim có cảnh nhân vật bác sĩ phát hiện ra rằng tất cả bệnh nhân của mình đều là một người duy nhất bị phân chia thành nhiều thân xác khác nhau, không ai ngờ đến",2
Tôi bị sốc khi phim tiết lộ rằng nhân vật chính là kẻ đã giết chết hàng trăm người trong thành phố và tẩy não cảnh sát điều tra để che giấu tội ác,2
"Phim có twist ở 5 phút cuối: nhân vật nam chính phát hiện ra anh ta không phải con của bố mẹ nuôi, anh ta là bản sao vô tính của kẻ phản diện chính, được gửi đến để thay thế",2
"Đừng đọc nếu chưa xem: Nhân vật mà khán giả yêu thương thực ra là kẻ đã giết chết 10 đứa trẻ, thông tin này được tiết lộ ở phút 80 và gây shock toàn rạp",2
"Phim có twist rằng người vợ được cho là đã chết trong tai nạn thực ra còn sống và đang làm việc cho tổ chức tội phạm lớn, bà ta là kẻ cầm đầu mọi âm mưu",2
"Spoiler nhẹ: Cả hai nhân vật chính đều phát hiện ra họ là anh em sinh đôi bị tách ra từ nhỏ, một người được nuôi dưỡng thiện, một người được nuôi dưỡng ác",2
"Phim có cảnh phát hiện rằng nhân vật chính có bệnh tâm thần phân liệt từ nhỏ, tất cả những hành động anh ta cho là tốt đẹp thực ra là ảo giác của căn bệnh này",2
"Tôi sốc khi phim tiết lộ rằng nhân vật cảnh sát đáng tin cậy chính là kẻ đã giết chết vợ và con mình 10 năm trước, hắn đổ tội cho người khác và âm mưu này được che giấu hoàn hảo",2
"Warning: Nhân vật nữ chính phát hiện ở phút 70 rằng cô ta đang mang thai đứa con của kẻ sát nhân mà cô đang săn lùng, đây là twist gây hoang mang nhất trong phim",2
"Phim có twist rằng thế giới trong phim là thực tại ảo được tạo ra bởi AI, nhân vật chính là người thử nghiệm đầu tiên và không có lối thoát ngoài thế giới thật",2
"Spoiler cực mạnh: Nhân vật chính chết ở phút 30 nhưng phần còn lại của phim là ký ức của anh ta được AI phục hồi, tất cả hành động sau đó đều là mơ màng trước khi chết",2
"Phim có cảnh giáng sinh định mệnh: nhân vật chính phát hiện ra anh ta đã sống cùng ngày lặp lại 1000 lần, mỗi lần đều cố gắng cứu người yêu nhưng đều thất bại và cô ấy luôn chết",2
"Đừng xem nếu chưa sẵn sàng: Nhân vật nam chính phát hiện rằng anh ta đã giết chết người yêu mình trong cơn say không nhớ gì, tất cả hành động sau đó là để che giấu tội ác này",2
"Phim tiết lộ rằng nhân vật thầy giáo tốt đẹp thực ra là kẻ đã lợi dụng hàng chục học sinh, tất cả đều bị ép im lặng bởi các mối đe dọa và sự sợ hãi",2
Twist chấn động: Nhân vật chính là kẻ mù có khả năng nhìn thấy tương lai nhưng không biết rằng tương lai mà anh ta thấy là do chính anh ta gây ra bằng hành động hiện tại,2
Phim có cảnh phát hiện rằng nhân vật bác sĩ phẫu thuật nổi tiếng thực ra đã giết chết hàng trăm bệnh nhân để lấy nội tạng bán trên thị trường đen,2
"Tôi không thể ngờ được: Nhân vật mà khán giả nghĩ là người tốt thực ra là kẻ đã giết chết cả gia đình nhân vật chính, hắn sống ẩn danh ngay trong gia đình nạn nhân",2
"Warning: Nhân vật nữ chính phát hiện ở phút 85 rằng cô ta không phải con của bố mẹ thật, cô được nhận nuôi từ trại mồ côi bởi một tổ chức bí ẩn để theo dõi và kiểm soát",2
"Phim có twist rằng nhân vật chính là người ngoài hành tinh đầu tiên đặt chân xuống Trái Đất, anh ta không biết nguồn gốc của mình và đang bị săn lùng bởi chính phủ",2
"Spoiler: Cả hai nhân vật chính đều là nạn nhân của thí nghiệm con người, họ bị cấy chip vào não để điều khiển từ xa, tất cả quyết định của họ đều bị ai đó kiểm soát",2
"Phim tiết lộ ở phút 90 rằng nhân vật chính là kẻ đã phát minh ra virus đang giết chết hàng triệu người, anh ta quên đi ký ức vì tội lỗi và sống như người bình thường",2
"Twist không ai đoán: Nhân vật nam chính và nữ chính là cùng một người bị phân chia làm đôi trong thí nghiệm, mỗi nửa mang một nửa ký ức và không nhận ra đối phương",2
"Phim có cảnh phát hiện rằng nhân vật cảnh sát trẻ tuổi thực ra là kẻ sát nhân hàng loạt đầu tiên của thành phố, hắn truyền bá thông tin để đổ hướng điều tra",2
"Đừng đọc nếu chưa xem: Nhân vật chính phát hiện rằng anh ta đã chết từ 5 năm trước, cuộc đời sau đó là do AI tạo ra để hoàn thành di chúc của anh ta một cách hoàn hảo nhất",2
"Spoiler nhẹ: Phim có cái kết mở khiến khán giả hoang mang, nhân vật chính phát hiện ra mình đang trong giấc mơ và không biết thế giới thật có tồn tại hay không",2
"Phim có twist rằng nhân vật đang bị cảnh sát săn lùng thực ra là người vô tội, kẻ sát nhân thật là cảnh sát điều tra, mọi bằng chứng đều bị giả mạo",2
"Tôi sốc nặng: Nhân vật nam chính phát hiện rằng người anh trai đã mất tích 10 năm trước thực ra sống trong tầng hầm nhà bố mẹ, bị giam cầm và bị ép làm nô lệ suốt thời gian đó",2
"Warning: Phim có cảnh tiết lộ rằng nhân vật được cho là nạn nhân thực ra là kẻ thủ phạm, cô ta dàn dựng mọi thứ để đổ tội cho người khác và chiếm đoạt tài sản",2
"Phim có twist rằng cả hai nhân vật chính đều là con của kẻ phản diện, một người được nuôi dưỡng để trở thành anh hùng, một người được nuôi dưỡng để trở thành ác quỷ",2
"Spoiler: Nhân vật chính phát hiện rằng tất cả ký ức của anh ta là giả, được cấy vào não từ người khác, anh ta không có danh tính thật và đang sống cuộc đời của người đã chết",2
"Phim có cảnh gây shock: Nhân vật nữ chính phát hiện rằng cô ta đang mang thai đứa con của kẻ sát nhân mà cô đang săn lùng, đứa bé được sinh ra để tiếp tục chuỗi ác mộng",2
"Twist không ai ngờ: Nhân vật chính là kẻ phản diện từ đầu phim, anh ta giả vờ quên đi ký ức và sống như người tốt để mọi người không nghi ngờ, thực ra anh ta vẫn nhớ mọi thứ",2
Phim tiết lộ ở 15 phút cuối rằng nhân vật chính là người đã tự tay giết chết vợ và con mình trong cơn nóng giận và sống với tội lỗi bằng cách giả vờ mất trí nhớ,2
"Spoiler cực mạnh: Nhân vật được cho là thiên tài thực ra bị tâm thần, tất cả phát minh của anh ta là do ảo giác và không có giá trị khoa học nào",2
"Phim có cảnh phát hiện rằng nhân vật bác sĩ tâm thần đang điều trị cho nhân vật chính thực ra là kẻ gây ra mọi vấn đề tâm lý của anh ta từ khi còn nhỏ, đây là âm mưu lớn",2
"Warning: Nhân vật chính phát hiện ở phút 80 rằng anh ta không phải người Việt Nam, anh ta là người nước ngoài được thay đổi ngoại hình và ký ức để trở thành người khác",2
"Phim có twist rằng người bạn thân nhất của nhân vật chính đã chết từ đầu phim, người mà khán giả thấy suốt 2 tiếng là ảo ảnh được tạo ra bởi tâm trí bệnh lý của anh ta",2
"Spoiler: Nhân vật nam chính là kẻ đã gây ra vụ cháy kinh hoàng giết chết 50 người cách đây 20 năm, anh ta trốn tránh pháp luật bằng cách giả vờ mất trí nhớ và sống ẩn danh",2
"Phim tiết lộ rằng nhân vật nữ chính là người đã giết chết chồng mình 5 năm trước, cô ta dàn dựng vụ mất tích và sống với tiền bảo hiểm, không ai nghi ngờ",2
"Twist chấn động: Nhân vật chính là con của quỷ, sức mạnh siêu nhiên của anh ta không phải từ đột biến gen mà từ giao kèo với thế lực bóng tối mà ông bà đã ký từ nhiều đời",2
"Phim có cảnh nhân vật phát hiện rằng vợ mình đã chết từ 3 năm trước, người mà anh ta sống cùng suốt thời gian đó là bản sao được tạo ra bởi AI để thay thế",2
"Đừng đọc nếu chưa xem: Nhân vật cảnh sát anh hùng thực ra là kẻ đã giết chết vô số người vô tội dưới vỏ bọc nhiệm vụ, tất cả đều được phê duyệt bởi cấp trên tham nhũng",2
"Spoiler nhẹ: Phim có cái kết buồn: nhân vật chính phát hiện ra mình đã chết từ lâu, anh ta là hồn ma không hay biết, và tất cả những gì anh ta làm trong phim là để hoàn thành việc chưa xong trước khi chết",2
"Phim có twist rằng nhân vật chính bị mắc bệnh nan y và chỉ còn sống được 1 tháng, nhưng twist thật sự là bệnh nan y đó là do chính anh ta tạo ra trong phòng thí nghiệm",2
"Warning: Nhân vật được cho là đã chết thực ra sống và là kẻ theo dõi nhân vật chính suốt thời gian, hắn sống trong tầng ngầm nhà hàng xóm và quan sát mọi hành động",2
"Phim tiết lộ ở phút 75 rằng nhân vật bác sĩ đáng tin cậy thực ra là kẻ đã thí nghiệm trên hàng trăm bệnh nhân không có sự đồng ý, tất cả đều chết hoặc bị biến đổi",2
"Twist không ai đoán: Nhân vật nữ chính phát hiện rằng cô ta là phiên bản sao chép của người phụ nữ đã chết, ký ức và tính cách đều được cấy từ người thật, cô ta không có cuộc sống riêng",2
"Phim có cảnh gây sốc: Nhân vật chính phát hiện rằng cả làng nơi anh ta sống là thực tại ảo, tất cả cư dân là AI được lập trình để anh ta không bao giờ phát hiện sự thật",2
"Spoiler: Nhân vật anh hùng trong phim thực ra là người đã gây ra thảm họa mà anh ta được ca ngợi vì đã ngăn chặn, hắn tạo ra vấn đề để rồi giải quyết và được vinh thân",2
"Phim có twist rằng nhân vật chính có khả năng nhìn thấy người đã chết, nhưng twist thật sự là tất cả những người đã chết mà anh ta thấy đều do chính anh ta giết trong quá khứ",2
"Warning: Nhân vật nữ chính phát hiện rằng cô ta không phải con của bố mẹ thật, cô được sinh ra trong ống nghiệm và là một trong 10 bản sao được tạo ra, còn 9 người kia đều đã chết trong các thí nghiệm",2
"Phim có cảnh tiết lộ rằng nhân vật đang bị giam giữ trong nhà thương điên thực ra là bác sĩ bị bệnh nhân cuồng loạn giam cầm ngược lại, không ai biết ai là ai",2
"Spoiler cực mạnh: Đến phút 95 khán giả mới biết rằng nhân vật chính là kẻ đã giết chết tất cả mọi người xung quanh từ đầu phim, anh ta sống trong ảo giác về một thế giới hòa bình",2
"Phim tiết lộ rằng nhân vật mà khán giả yêu mến thực ra đã chết ở đầu phim, người mà khán giả thấy là hồn ma không hay biết mình đã chết, cô ấy hoàn thành nhiệm vụ cuối cùng rồi biến mất",2
"Twist chấn động: Nhân vật chính phát hiện rằng anh ta sống trong thế giới song song, thế giới kia anh ta là kẻ phản diện đang gây ra thảm họa, và thế giới này anh ta là anh hùng cố gắng ngăn chặn",2
"Phim có cảnh phát hiện rằng nhân vật chính là kẻ đã phản bội tổ chức từ bên trong, anh ta là gián điệp kép làm việc cho kẻ thù và tất cả thông tin tình báo đều bị rò rỉ",2
"Warning: Nhân vật bác sĩ phẫu thuật thẩm mỹ nổi tiếng thực ra là kẻ biến đổi gương mặt nạn nhân để che giấu tội ác của chúng, hàng trăm người đã bị biến đổi và sống dưới danh tính giả",2
"Spoiler: Phim có twist ở 10 phút cuối: nhân vật chính phát hiện rằng anh ta đang nằm trong bệnh viện hôn mê, mọi cuộc phiêu lưu trong phim là giấc mơ của anh ta trong 10 năm hôn mê, không biết thức tỉnh khi nào",2
"Phim có cảnh gây shock: Nhân vật nữ chính phát hiện rằng cô ta là mẹ ruột của đứa trẻ mà cô đang tìm kiếm, cô đã quên đi vì bị tẩy não bởi tổ chức buôn người, đứa bé là con của chính cô",2
"Twist không ai ngờ: Nhân vật chính là kẻ đã tạo ra virus máy tính giết chết hàng triệu hệ thống, anh ta sống trong thế giới thực nhưng đang bị truy nã vì tội ác trong không gian kỹ thuật số",2
"Phim tiết lộ ở phút 85 rằng nhân vật nam chính có khả năng đặc biệt là vì anh ta được cấy chip từ chính phủ, tất cả hành động anh ta cho là tự do thực ra được điều khiển từ xa",2
"Warning: Nhân vật được cho là đã hy sinh ở giữa phim thực ra sống và là kẻ đứng sau tất cả âm mưu, anh ta giả chết để mọi người không nghi ngờ và âm thầm thao túng mọi sự kiện từ trong bóng tối",2
"Spoiler: Nhân vật chính phát hiện rằng anh ta là phiên bản cuối cùng của thí nghiệm, 99 phiên bản trước đều thất bại và bị tiêu hủy, anh ta là người duy nhất sống sót nhưng không biết gì về thí nghiệm",2
"Phim có twist rằng nhân vật bị giam cầu suốt 20 năm thực ra là người tự nguyện ở đó để bảo vệ thế giới bên ngoài khỏi một thế lực bóng tối mà chỉ anh ta biết, không ai hiểu anh ta",2
"Đừng đọc nếu chưa xem: Nhân vật cảnh sát điều tra vụ án mạng thực ra là kẻ gây ra nó, anh ta giết người vợ ngoại tình và dàn dựng mọi thứ để đổ tội cho người tình của vợ",2
"Spoiler nhẹ: Phim có cái kết mở khiến khán giả không biết nhân vật chính sống hay chết, anh ta nhảy xuống nước để cứu người khác và không ai thấy anh ta trồi lên, phim kết thúc ở đó",2
"Phim tiết lộ rằng nhân vật chính là người đã tự tay giết chết cha mẹ mình khi còn nhỏ vì bị thao túng bởi một tổ chức, anh ta sống với tội lỗi và không biết sự thật cho đến 30 năm sau",2
"Twist chấn động: Nhân vật nữ chính phát hiện rằng cô ta đang mang thai đứa con của chính mình từ tương lai, đứa bé sẽ trở thành kẻ phản diện lớn nhất trong lịch sử, đây là nghịch lý thời gian",2
"Phim có cảnh phát hiện rằng nhân vật chính được nhận nuôi bởi kẻ sát nhân hàng loạt, hắn nuôi dưỡng anh ta để trở thành kẻ kế thừa, và tất cả hành động tốt đẹp trước đó là để chuẩn bị cho vai trò này",2
"Warning: Nhân vật bạn thân của nhân vật chính thực ra là kẻ đã giết chết gia đình anh ta 10 năm trước, hắn giả vờ làm bạn để theo dõi và hoàn thành âm mưu lớn hơn, không ai đoán được",2
"Spoiler: Phim có twist rằng thời gian trong phim bị lùi lại 5 phút mỗi khi nhân vật chính chết, anh ta đã sống cùng ngày đó 20 lần và mỗi lần đều cố gắng thay đổi kết cục nhưng luôn thất bại và quay lại",2
"Phim tiết lộ ở 20 phút cuối rằng nhân vật được cho là nạn nhân thực ra là kẻ sát nhân đầu tiên, cô ta dàn dựng mọi thứ để đổ tội cho người khác và sống như người vô tội suốt 30 năm",2
"Twist không ai ngờ: Nhân vật chính phát hiện rằng anh ta đã chết trong vụ tai nạn 10 năm trước, mọi cuộc sống sau đó là do chính phủ tạo ra trong phòng thí nghiệm để thử nghiệm công nghệ hồi sinh",2
"Phim có cảnh nhân vật phát hiện rằng tất cả bằng chứng trong vụ án mà anh ta điều tra đều do chính anh ta tạo ra trong quá khứ mà không hay biết, anh ta là nạn nhân của chính mình",2
"Warning: Nhân vật nữ chính phát hiện ở phút 90 rằng cô ta là người đã giết chết nhân vật nam chính 10 năm trước, cô ta sống với tội lỗi và không nhớ gì vì bị tẩy não bởi chính mình",2
"Spoiler cực mạnh: Nhân vật chính phát hiện rằng mình là AI được tạo ra để giải quyết vấn đề mà con người không thể, tất cả ký ức đều là dữ liệu được tải vào, anh ta không phải con người từ đầu",2
"Phim có twist rằng nhân vật bị thế lực bóng tối chiếm hữu từ đầu phim thực ra là người duy nhất cố gắng ngăn chặn chúng, anh ta bị mọi người hiểu lầm và cuối cùng phải hy sinh để chuộc lại danh dự",2
"Đừng đọc nếu chưa xem: Nhân vật nam chính phát hiện rằng người vợ đã mất thực ra sống và làm việc cho tổ chức đang săn lùng anh ta, cô ta cố tình biến mất để điều tra và thu thập bằng chứng từ bên trong",2
"Phim tiết lộ ở 15 phút cuối rằng nhân vật chính là kẻ đã phá hủy thành phố trong quá khứ, anh ta bị trừng phạt bằng cách sống đi sống lại ngày định mệnh đó mãi mãi, không có lối thoát",2
"Twist chấn động: Nhân vật nữ chính phát hiện rằng cô ta là bản sao vô tính của người phụ nữ đã chết, ký ức được cấy là của người đã chết, và cô ta không có quyền tồn tại theo luật pháp",2
"Phim có cảnh phát hiện rằng nhân vật chính là kẻ đã bán linh hồn cho quỷ để đổi lấy quyền năng, hợp đồng sẽ đến hạn khi kết thúc phim và hắn sẽ phải trả giá bằng mạng sống của chính mình",2
"Warning: Nhân vật được cho là đã chết thực ra sống trong nhà kính ở cuối vườn nhà hàng xóm, hắn theo dõi mọi hành động của gia đình bên cạnh suốt 10 năm và chờ đợi thời cơ phù hợp",2
"Spoiler: Phim có cái kết bi thảm: nhân vật chính cứu được mọi người nhưng phát hiện ra anh ta đã chết từ 5 phút trước, anh ta là hồn ma hoàn thành nhiệm vụ cuối cùng rồi biến mất vĩnh viễn",2
"Phim tiết lộ rằng nhân vật cảnh sát đáng tin cậy thực ra là kẻ đã giết chết hàng chục người và cấy ghép bộ phận cơ thể của họ vào chính mình để trẻ hóa, thông tin này gây kinh hoàng",2
"Twist không ai đoán: Nhân vật chính phát hiện rằng anh ta đang sống trong thế giới nơi người đã chết có thể được hồi sinh bằng công nghệ, nhưng mỗi lần hồi sinh, một phần linh hồn bị mất vĩnh viễn",2
"Phim có cảnh gây shock: Nhân vật nữ chính phát hiện rằng cô ta đang mang thai đứa con của chính mình từ tương lai, đứa bé sẽ trở thành kẻ phản diện lớn nhất trong lịch sử, đây là nghịch lý thời gian",2
"Warning: Nhân vật bạn thân của nhân vật chính thực ra là kẻ đã giết chết gia đình anh ta 10 năm trước, hắn giả vờ làm bạn để theo dõi và hoàn thành âm mưu lớn hơn, không ai đoán được",2
"Phim này thật sự xuất sắc, từ kịch bản đến diễn xuất đều hoàn hảo",0
"Tôi rất hài lòng với bộ phim, đây là trải nghiệm xem phim tuyệt vời nhất",0
"Diễn viên chính diễn xuất cực kỳ tài năng, hóa thân trọn vẹn vào nhân vật",0
"Bộ phim mang lại cảm xúc dâng trào, không thể rời mắt từ đầu đến cuối",0
"Đạo diễn thể hiện tài năng vượt trội, mỗi cảnh quay đều điêu luyện",0
"Tôi đã khóc và cười liên tục, phim khiến tôi trải nghiệm đủ mọi cảm xúc",0
Phim Việt Nam hay như thế này thì phim nước ngoài cũng phải ngưỡng mộ,0
"Âm thanh và hình ảnh đỉnh cao, trải nghiệm xem phim ở rạp không có gì sánh được",0
"Nội dung phim sâu sắc, có chiều sâu về mặt tâm lý và nhân văn",0
"Cảnh hành động mãn nhãn, kỹ xảo hoành tráng, xứng đáng với đồng tiền",0
"Nhân vật trong phim được xây dựng rất tinh tế, để lại ấn tượng sâu sắc",0
Tôi đã giới thiệu cho rất nhiều người và ai cũng cảm ơn về gợi ý tuyệt vời này,0
"Phim có sức lan tỏa mạnh mẽ, thành công về doanh thu là xứng đáng",0
"Diễn viên trẻ cho thấy tài năng thiên bẩm, triển vọng rất sáng",0
Bộ phim này nên được công chiếu rộng rãi và xuất khẩu ra nước ngoài,0
"Tôi thấy phim rất đáng xem, đây là tác phẩm điện ảnh đích thực",0
"Câu chuyện phim cảm động và chân thực, gần gũi với cuộc sống hàng ngày",0
"Phim có cái kết hoàn hảo, không có gì để phàn nàn, trọn vẹn",0
"Diễn viên nữ chính xinh đẹp và tài năng, cô ấy là ngôi sao sáng giá",0
"Kịch bản phim chặt chẽ, logic chặt chẽ, không có lỗ hổng đáng kể",0
Tôi đã đặt vé xem sớm nhất và không hề thất vọng về quyết định đó,0
Phim có những khoảnh khắc kinh điển sẽ được nhắc đến trong nhiều năm tới,0
"Đạo diễn đã thể hiện tầm nhìn nghệ thuật độc đáo, không đi theo lối mòn",0
"Phim mang lại niềm tự hào cho điện ảnh Việt Nam, sánh ngang quốc tế",0
"Tôi đã rất hồi hộp và phấn khích khi xem, không thể ngồi yên trên ghế",0
"Diễn viên Việt Nam đã chứng minh năng lực, ngang hàng với diễn viên quốc tế",0
Phim có sự kết hợp hoàn hảo giữa yếu tố giải trí và nghệ thuật,0
Tôi thấy bộ phim này rất phù hợp để xem cùng gia đình vào cuối tuần,0
"Cảnh quay đẹp như tranh vẽ, thỏa mãn thị giác người xem khó tính nhất",0
"Phim có sức hút không thể cưỡng lại, xem một lần là muốn xem lại ngay",0
"Tôi đã mua merchandise của phim vì quá thích, đây là bộ phim đáng để sưu tầm",0
Đây là bộ phim tôi sẽ giới thiệu cho tất cả bạn bè không ngừng nghỉ,0
Diễn viên khách mời xuất hiện rất ít nhưng để lại ấn tượng không thể phai,0
"Phim có nhịp phim vừa phải, không dài dòng, mỗi phút đều có giá trị",0
Tôi thấy bộ phim này nên được vinh danh tại các giải thưởng điện ảnh,0
Phim thể hiện sự trưởng thành rõ rệt của điện ảnh Việt Nam hiện đại,0
"Đạo diễn đã dám thử nghiệm và thành công, đây là dấu mốc quan trọng",0
Tôi rất ấn tượng với sự đầu tư nghiêm túc của ekip vào từng chi tiết nhỏ,0
"Diễn viên nhí trong phim diễn xuất tự nhiên, không gượng ép, rất đáng yêu",0
"Phim có nhiều chi tiết ẩn dụ tinh tế, khuyến khích người xem suy ngẫm sâu hơn",0
Tôi thấy bộ phim này nên được chiếu trên các chuyến bay quốc tế,0
"Đây là tác phẩm điện ảnh Việt Nam mà tôi tự hào nhất, điểm 10/10",0
"Tôi đã đứng lên vỗ tay 3 lần liên tiếp khi phim kết thúc, phản ứng xứng đáng",0
"Phim có cách xây dựng nhân vật phụ rất tinh tế, không thua kém nhân vật chính",0
"Tôi đã dẫn bạn gái đi xem và cô ấy rất hạnh phúc, bộ phim góp phần vào hạnh phúc của chúng tôi",0
"Diễn viên nữ chính diễn xuất đỉnh cao, cô ấy xứng đáng với mọi giải thưởng",0
Tôi thấy bộ phim này nên được đưa vào chương trình giáo dục của trường học,0
Phim có những giây phút kinh điển sẽ được nhắc đến trong nhiều năm,0
"Tôi đã đọc rất nhiều bài phân tích sau khi xem, phim có chiều sâu đáng kinh ngạc",0
"Phim có những cảnh quay để đời, được quay với kỹ thuật đỉnh cao",0
"Đây là bộ phim hay nhất mà đạo diễn này từng làm, đỉnh cao sự nghiệp",0
Tôi thấy bộ phim này xứng đáng được chiếu tại các liên hoan phim lớn,0
"Tôi đã dẫn người yêu đi xem và cô ấy rất hạnh phúc, phim đã góp phần vào hạnh phúc của chúng tôi",0
Tôi thấy bộ phim này nên được công chiếu tại các liên hoan phim quốc tế,0
"Phim có thể chạm đến trái tim của bất kỳ ai, không phân biệt nền văn hóa",0
"Đây là tác phẩm nghệ thuật thực sự, xứng đáng được trưng bày trong gallery",0
Phim có sự đầu tư nghiêm túc vào từng khía cạnh của quá trình sản xuất,0
Đây là bộ phim mà tôi sẽ nhớ mãi như một trong những trải nghiệm điện ảnh tuyệt vời nhất,0
Phim có thể khiến người xem suy nghĩ sâu sắc về ý nghĩa của cuộc sống,0
Tôi thấy bộ phim này là một trong những phim hay nhất từ trước đến nay,0
"Đây là bộ phim tôi sẽ giới thiệu cho tất cả mọi người, không ngừng nghỉ",0
"Tôi thấy bộ phim này nên được chiếu tại Cannes, Venice hay Oscar",0
"Phim có thể chạm đến trái tim của bất kỳ ai, không phân biệt nền văn hóa",0
Tôi thấy bộ phim này nên được công chiếu tại các liên hoan phim lớn,0
"Đây là tác phẩm nghệ thuật thực sự, xứng đáng được trưng bày trong gallery",0
Phim có sự đầu tư nghiêm túc vào từng khía cạnh của quá trình sản xuất,0
Đây là bộ phim mà tôi sẽ nhớ mãi như một trong những trải nghiệm điện ảnh tuyệt vời nhất,0
Phim có thể khiến người xem suy nghĩ sâu sắc về ý nghĩa của cuộc sống,0
Tôi thấy bộ phim này là một trong những phim hay nhất từ trước đến nay,0
"Đây là bộ phim tôi sẽ giới thiệu cho tất cả mọi người, không ngừng nghỉ",0
"Tôi thấy bộ phim này nên được chiếu tại Cannes, Venice hay Oscar",0
"Phim dở tệ, không có gì đáng xem, tôi đã phí tiền vé",1
"Diễn viên diễn xuất kém, gượng ép và không tự nhiên chút nào",1
"Kịch bản phim rời rạc, thiếu logic, không có gì liên quan",1
"Phim quá dài và nhàm chán, kéo dài không cần thiết",1
"Tôi đã muốn bỏ về từ phút thứ 10, quá tệ để tiếp tục xem",1
"Đạo diễn có vấn đề về tài năng, phim như đống hỗn loạn",1
"Cảm giác bị lừa đảo sau khi xem phim này, không đáng tiền vé",1
"Cảnh quay nhàm chán, không có gì đáng xem, lãng phí thời gian",1
"Diễn viên nữ chính diễn như cọng mì, hoàn toàn vô hồn",1
"Cảnh hành động giả tạo và nhảm nhí, xem xong chẳng hiểu gì",1
"Âm thanh chát chúa, nghe đau tai, không được mix kỹ",1
"Đây là thảm họa điện ảnh, không nên xem nếu bạn tôn trọng thời gian",1
"Cái kết phim tệ thậm tệ, cắt đột ngột không giải thích được gì",1
"Tôi rất thất vọng về bộ phim này, kỳ vọng cao nhưng nhận lại sự thất vọng lớn",1
"Nội dung nhạt nhẽo, không có gì mới mẻ, copy y hệt phim nước ngoài",1
"Cảnh tình cảm gượng ép, không có cảm xúc gì hết",1
Phim này xứng đáng bị critics đánh giá thấp nhất trong thập kỷ,1
Spoiler: Nhân vật chính phát hiện anh ta là người ngoài hành tinh từ đầu phim,2
Twist không ai ngờ: Cả hai nhân vật chính đều chết ở cuối phim,2
"Phim tiết lộ rằng người bạn thân nhất thực ra là kẻ sát nhân, không ai đoán được",2
"Warning: Cái chết của nhân vật yêu thích xảy ra ở phút 60, gây shock cho khán giả",2
"Spoiler cực mạnh: Nhân vật anh hùng thực ra là kẻ phản diện, tất cả đều là âm mưu",2
"Phim có twist rằng thế giới trong phim là thực tại ảo, nhân vật không biết mình đang mơ",2
"Đừng đọc: Nhân vật nữ chính phát hiện cô ta không phải con người, cô là bản sao AI",2
Spoiler: Nhân vật bác sĩ đáng tin cậy thực ra là kẻ gây ra mọi tội ác trong phim,2
"Twist chấn động: Nhân vật đã chết từ đầu phim, người mà khán giả thấy là ảo ảnh",2
Phim tiết lộ ở cuối rằng nhân vật chính có khả năng điều khiển tâm trí người khác,2
"Warning: Phim có cảnh nhân vật chính tự sát, thông tin này gây sốc toàn rạp",2
Spoiler nhẹ: Nhân vật nam chính và nữ chính là anh em sinh đôi bị tách ra từ nhỏ,2
"Phim có twist rằng cả thành phố trong phim là nhà tù khổng lồ, không ai biết sự thật",2
Đừng xem review này: Nhân vật được cho là nạn nhân thực ra là kẻ thủ phạm thật sự,2
Spoiler: Nhân vật cảnh sát anh hùng thực ra là kẻ đã giết chết hàng chục người vô tội,2
Phim tiết lộ rằng nhân vật chính là kẻ đã tạo ra virus giết chết hàng triệu người,2
"Twist không ai đoán: Nhân vật chính sống trong vòng lặp thời gian, ngày định mệnh lặp lại mãi mãi",2
Warning: Nhân vật nữ chính mang thai đứa con của kẻ sát nhân mà cô đang săn lùng,2
Spoiler cực mạnh: Đến 10 phút cuối khán giả mới biết rằng nhân vật chính là kẻ sát nhân hàng loạt,2
Phim có cảnh phát hiện rằng nhân vật bị giam cầu 20 năm thực ra là người tình nguyện ở đó,2
"Đừng đọc: Nhân vật nam chính phát hiện anh ta đã chết từ 5 năm trước, tất cả là giấc mơ",2
Spoiler: Nhân vật bác sĩ tâm thần đáng tin cậy thực ra là kẻ đã gây ra mọi vấn đề tâm lý,2
"Phim có twist rằng nhân vật chính là phiên bản cuối cùng của thí nghiệm, 99 bản trước đều thất bại",2
Warning: Nhân vật được cho là đã chết thực ra sống và là kẻ đứng sau tất cả âm mưu,2
"Spoiler nhẹ: Phim có cái kết mở, nhân vật chính nhảy xuống nước và không ai thấy anh ta trồi lên",2
Phim tiết lộ ở 20 phút cuối rằng nhân vật có khả năng đặc biệt vì được cấy chip từ chính phủ,2
"Twist chấn động: Nhân vật chính là con của quỷ, sức mạnh siêu nhiên đến từ giao kèo với thế lực bóng tối",2
"Đừng đọc: Nhân vật nữ chính phát hiện cô ta là bản sao vô tính, không có quyền tồn tại theo luật",2
Spoiler: Nhân vật bác sĩ phẫu thuật nổi tiếng thực ra đã giết chết hàng trăm bệnh nhân để lấy nội tạng,2
"Phim có twist rằng nhân vật chính đang nằm trong bệnh viện hôn mê, mọi cuộc phiêu lưu là giấc mơ",2
Warning: Nhân vật bạn thân thực ra là kẻ đã giết chết gia đình nhân vật chính 10 năm trước,2
Spoiler cực mạnh: Nhân vật chính phát hiện anh ta là AI được tạo ra để giải quyết vấn đề con người không thể,2
Phim có cảnh nhân vật phát hiện rằng tất cả bằng chứng trong vụ án đều do chính anh ta tạo ra trong quá khứ,2
"Đừng xem: Nhân vật nữ chính phát hiện cô ta đã giết chết nhân vật nam chính 10 năm trước, cô không nhớ gì",2
"Spoiler: Nhân vật chính là kẻ đã phá hủy thành phố trong quá khứ, anh ta bị trừng phạt sống lại ngày đó mãi mãi",2
Phim tiết lộ rằng nhân vật cảnh sát đáng tin cậy thực ra là kẻ đã giết chết hàng chục người và cấy ghép bộ phận cơ thể,2
"Twist không ai ngờ: Nhân vật chính sống trong thế giới nơi người đã chết có thể hồi sinh, mỗi lần hồi sinh một phần linh hồn mất",2
Warning: Nhân vật bị thế lực bóng tối chiếm hữu từ đầu phim thực ra là người duy nhất cố gắng ngăn chặn chúng,2
"Spoiler cực mạnh: Nhân vật chính cứu được mọi người nhưng phát hiện ra anh ta đã chết từ 5 phút trước, anh ta là hồn ma",2
"Phim có twist rằng nhân vật được nhận nuôi bởi kẻ sát nhân hàng loạt, hắn nuôi dưỡng anh ta để trở thành kẻ kế thừa",2
Đừng đọc: Nhân vật nam chính phát hiện rằng người vợ đã mất thực ra sống và làm việc cho tổ chức đang săn lùng anh ta,2
"Spoiler: Nhân vật nữ chính phát hiện cô ta là mẹ ruột của đứa trẻ mà cô đang tìm kiếm, cô đã quên vì bị tẩy não",2
Phim tiết lộ ở phút 85 rằng nhân vật chính là kẻ đã tự tay giết chết vợ và con mình trong cơn nóng giận,2
"Twist chấn động: Nhân vật chính phát hiện rằng anh ta sống trong thế giới song song, thế giới kia anh ta là kẻ phản diện",2
"Warning: Nhân vật được cho là đã hy sinh ở giữa phim thực ra sống và là kẻ đứng sau tất cả âm mưu, anh ta giả chết để không ai nghi ngờ",2
"Spoiler cực mạnh: Phim có twist ở 10 phút cuối: nhân vật chính phát hiện rằng anh ta đang nằm trong bệnh viện hôn mê suốt 10 năm, không biết thức tỉnh khi nào",2
"Phim có cảnh gây shock: Nhân vật nữ chính phát hiện cô ta không phải con của bố mẹ thật, cô được sinh ra trong ống nghiệm và là một trong 10 bản sao",2
"Đừng xem review này: Nhân vật cảnh sát điều tra vụ án mạng thực ra là kẻ gây ra nó, anh ta giết người vợ ngoại tình và dàn dựng mọi thứ",2
"Spoiler nhẹ: Phim có cái kết mở khiến khán giả không biết nhân vật chính sống hay chết, phim kết thúc ở đó",2
Phim tiết lộ rằng nhân vật chính là người đã tự tay giết chết cha mẹ mình khi còn nhỏ vì bị thao túng bởi tổ chức,2
"Twist không ai đoán: Nhân vật nữ chính phát hiện rằng cô ta đang mang thai đứa con của chính mình từ tương lai, đứa bé sẽ trở thành kẻ phản diện lớn nhất",2
"Phim có cảnh phát hiện rằng nhân vật chính được nhận nuôi bởi kẻ sát nhân, hắn nuôi dưỡng anh ta để trở thành kẻ kế thừa, tất cả hành động tốt đẹp trước đó là để chuẩn bị cho vai trò này",2
"Warning: Nhân vật bạn thân thực ra là kẻ đã giết chết gia đình nhân vật chính 10 năm trước, hắn giả vờ làm bạn để theo dõi và hoàn thành âm mưu lớn hơn",2
"Spoiler: Phim có twist rằng thời gian trong phim bị lùi lại 5 phút mỗi khi nhân vật chính chết, anh ta đã sống cùng ngày đó 20 lần và mỗi lần đều cố gắng thay đổi kết cục",2
"Twist chấn động: Nhân vật chính phát hiện rằng anh ta đã chết trong vụ tai nạn 10 năm trước, mọi cuộc sống sau đó là do chính phủ tạo ra trong phòng thí nghiệm để thử nghiệm công nghệ hồi sinh",2
"Spoiler cực mạnh: Nhân vật chính phát hiện rằng mình là AI được tạo ra để giải quyết vấn đề mà con người không thể, tất cả ký ức đều là dữ liệu được tải vào, anh ta không phải con người",2
"Đừng đọc: Nhân vật nam chính phát hiện rằng người vợ đã mất thực ra sống và làm việc cho tổ chức đang săn lùng anh ta, cô ta cố tình biến mất để điều tra và thu thập bằng chứng từ bên trong",2
"Spoiler: Phim tiết lộ ở 15 phút cuối rằng nhân vật chính là kẻ đã phá hủy thành phố trong quá khứ, anh ta bị trừng phạt bằng cách sống đi sống lại ngày định mệnh đó mãi mãi, không có lối thoát",2
"Twist không ai ngờ: Nhân vật nữ chính phát hiện rằng cô ta là bản sao vô tính của người phụ nữ đã chết, ký ức được cấy là của người đã chết, và cô ta không có quyền tồn tại theo luật pháp",2
"Phim có cảnh gây shock: Nhân vật chính phát hiện rằng anh ta là kẻ đã bán linh hồn cho quỷ để đổi lấy quyền năng, hợp đồng sẽ đến hạn khi kết thúc phim và hắn sẽ phải trả giá bằng mạng sống của chính mình",2
"Phim tiết lộ rằng nhân vật cảnh sát đáng tin cậy thực ra là kẻ đã giết chết hàng chục người và cấy ghép bộ phận cơ thể của họ vào chính mình để trẻ hóa, thông tin này gây kinh hoàng cho khán giả",2
"Twist chấn động: Nhân vật chính phát hiện rằng anh ta đang sống trong thế giới nơi người đã chết có thể được hồi sinh bằng công nghệ, nhưng mỗi lần hồi sinh một phần linh hồn bị mất vĩnh viễn",2
"Phim có cảnh gây shock: Nhân vật nữ chính phát hiện rằng cô ta đang mang thai đứa con của chính mình từ tương lai, đứa bé sẽ trở thành kẻ phản diện lớn nhất trong lịch sử, đây là nghịch lý thời gian không thể giải quyết",2
"Warning: Nhân vật bạn thân của nhân vật chính thực ra là kẻ đã giết chết gia đình anh ta 10 năm trước, hắn giả vờ làm bạn để theo dõi và hoàn thành âm mưu lớn hơn, không ai đoán được sự thật kinh hoàng này",2
"Spoiler: Nhân vật chính phát hiện rằng nhân vật công lý mà ai cũng ngưỡng mộ thực ra là kẻ thao túng mọi người, hắn giết người vô tội và đổ tội cho người khác suốt 10 năm, không ai biết sự thật",2
"Phim có twist rằng nhân vật bị giam cầu suốt 20 năm thực ra là người tự nguyện ở đó để bảo vệ thế giới bên ngoài khỏi một thế lực bóng tối mà chỉ anh ta biết, không ai hiểu anh ta hay thử nghiệm trên anh ta",2
"Đừng đọc: Nhân vật nữ chính phát hiện rằng cô ta là người đã giết chết nhân vật nam chính trong cơn nóng giận không nhớ gì, tất cả hành động sau đó của cô ta là để che giấu tội ác này khỏi chính mình",2
"Spoiler cực mạnh: Nhân vật chính phát hiện rằng anh ta là người đã tạo ra virus máy tính giết chết hàng triệu hệ thống trên toàn thế giới, anh ta sống trong thế giới thực nhưng đang bị truy nã vì tội ác trong không gian kỹ thuật số",2
"Phim có cảnh phát hiện rằng nhân vật chính là kẻ đã phản bội tổ chức từ bên trong, anh ta là gián điệp kép làm việc cho kẻ thù và tất cả thông tin tình báo đều bị rò rỉ, không ai nghi ngờ anh ta cho đến khi mọi thứ sụp đổ",2
"Warning: Nhân vật bác sĩ phẫu thuật thẩm mỹ nổi tiếng thực ra là kẻ biến đổi gương mặt nạn nhân để che giấu tội ác của chúng, hàng trăm người đã bị biến đổi và sống dưới danh tính giả, không ai phát hiện ra âm mưu kinh hoàng này",2
"Spoiler: Nhân vật chính phát hiện rằng anh ta là phiên bản cuối cùng của thí nghiệm con người, 99 phiên bản trước đều thất bại và bị tiêu hủy, anh ta là người duy nhất sống sót nhưng không biết gì về thí nghiệm đã được thực hiện trên chính mình",2
"Phim tiết lộ ở phút 75 rằng nhân vật bác sĩ đáng tin cậy thực ra là kẻ đã thí nghiệm trên hàng trăm bệnh nhân không có sự đồng ý, tất cả đều chết hoặc bị biến đổi về mặt thể chất và tâm lý, không ai biết sự thật cho đến khi nhân vật chính phát hiện ra",2
"Twist không ai đoán: Nhân vật nữ chính phát hiện rằng cô ta là phiên bản sao chép của người phụ nữ đã chết, ký ức và tính cách đều được cấy từ người thật, cô ta không có cuộc sống riêng và phát hiện sự thật kinh hoàng khiến cô ta sụp đổ hoàn toàn",2
"Phim có cảnh nhân vật phát hiện rằng cả làng nơi anh ta sống là thực tại ảo, tất cả cư dân là AI được lập trình để anh ta không bao giờ phát hiện sự thật, anh ta đã sống trong ảo ảnh này suốt 30 năm mà không hay biết",2
"Warning: Nhân vật được cho là đã chết thực ra sống và là kẻ theo dõi nhân vật chính suốt thời gian, hắn sống trong tầng ngầm nhà hàng xóm và quan sát mọi hành động, chờ đợi thời cơ hoàn hảo để hoàn thành âm mưu đã lên kế hoạch từ lâu",2
"Spoiler cực mạnh: Đến phút 95 khán giả mới biết rằng nhân vật chính là kẻ đã giết chết tất cả mọi người xung quanh từ đầu phim, anh ta sống trong ảo giác về một thế giới hòa bình mà anh ta tưởng tượng ra sau khi gây ra thảm họa kinh hoàng",2
"Phim tiết lộ rằng nhân vật mà khán giả yêu mến thực ra đã chết ở đầu phim, người mà khán giả thấy suốt 2 tiếng là hồn ma không hay biết mình đã chết, cô ấy hoàn thành nhiệm vụ cuối cùng rồi biến mất vĩnh viễn khi credits bắt đầu",2
"Twist chấn động: Nhân vật chính phát hiện rằng anh ta sống trong thế giới song song, thế giới kia anh ta là kẻ phản diện đang gây ra thảm họa, và thế giới này anh ta là anh hùng cố gắng ngăn chặn chính mình từ thế giới kia",2
"Đừng đọc: Nhân vật cảnh sát điều tra vụ án mạng thực ra là kẻ gây ra nó, anh ta giết người vợ ngoại tình và dàn dựng mọi thứ để đổ tội cho người tình của vợ, không ai nghi ngờ anh ta cho đến khi sự thật được phơi bày",2
"Spoiler nhẹ: Phim có cái kết mở khiến khán giả không biết nhân vật chính sống hay chết, anh ta nhảy xuống nước để cứu người khác và không ai thấy anh ta trồi lên, phim kết thúc ở đó, không có lời giải thích",2
"Phim có twist rằng nhân vật bị mắc bệnh nan y và chỉ còn sống được 1 tháng, nhưng twist thật sự là bệnh nan y đó là do chính anh ta tạo ra trong phòng thí nghiệm vô tình, không ai biết cho đến khi anh ta phát hiện ra sự thật",2
"Warning: Nhân vật bị giam giữ trong nhà thương điên thực ra là bác sĩ bị bệnh nhân cuồng loạn giam cầm ngược lại, không ai trong bệnh viện biết ai là bác sĩ và ai là bệnh nhân thật sự, mọi người đều bị lừa dối",2
"Spoiler cực mạnh: Nhân vật chính là kẻ đã giết chết hàng trăm người trong thành phố và tẩy não cảnh sát điều tra để che giấu tội ác, anh ta giả vờ là người tốt suốt thời gian, không ai phát hiện ra sự thật cho đến khi anh ta tự thú",2
"Phim tiết lộ rằng nhân vật được cho là thiên tài thực ra bị tâm thần, tất cả phát minh của anh ta là do ảo giác và không có giá trị khoa học nào, mọi người đã bị lừa dối bởi sự điên cuồng của anh ta suốt nhiều năm",2
"Twist không ai ngờ: Nhân vật chính phát hiện rằng người anh trai đã mất tích 10 năm trước thực ra sống trong tầng hầm nhà bố mẹ, bị giam cầm và bị ép làm nô lệ suốt thời gian đó, không ai biết vì hắn ta đã trốn rất kỹ",2
"Phim có cảnh gây shock: Nhân vật nữ chính phát hiện rằng cô ta là người đã giết chết nhân vật nam chính trong cơn nóng giận, sau đó cô ta bị tẩy não bởi chính mình để quên đi tội ác và sống như người vô tội",2
"Warning: Nhân vật được cho là đã chết thực ra sống trong căn hầu dưới lòng đất suốt 20 năm, hắn ta theo dõi mọi sự kiện trong thành phố và chờ đợi thời cơ để trở lại và hoàn thành âm mưu từ lâu",2
"Spoiler: Nhân vật chính phát hiện rằng nhân vật thầy giáo tốt đẹp thực ra là kẻ đã lợi dụng hàng chục học sinh, tất cả đều bị ép im lặng bởi các mối đe dọa và sự sợ hãi, không ai dám lên tiếng vì sợ bị trả thù",2
"Phim có twist rằng nhân vật cảnh sát trẻ tuổi thực ra là kẻ sát nhân hàng loạt đầu tiên của thành phố, hắn truyền bá thông tin để đổ hướng điều tra và mọi người đều bị lừa dối bởi vẻ ngoài trẻ trung và sự nghiệp thành công",2
"Twist chấn động: Nhân vật chính là kẻ đã gây ra vụ cháy kinh hoàng giết chết 50 người cách đây 20 năm, anh ta trốn tránh pháp luật bằng cách giả vờ mất trí nhớ và sống ẩn danh, không ai biết anh ta chính là thủ phạm thật sự",2
"Phim có cảnh phát hiện rằng nhân vật vợ đã mất thực ra còn sống và đang làm việc cho tổ chức tội phạm lớn nhất thành phố, bà ta là kẻ cầm đầu mọi âm mưu từ trong bóng tối, không ai nghi ngờ bà ta vì họ nghĩ bà ta đã chết từ lâu",2
"Warning: Nhân vật chính phát hiện ở phút 70 rằng anh ta không phải con của bố mẹ thật, anh ta được nhận nuôi từ trại mồ côi bởi một tổ chức bí ẩn để theo dõi và kiểm soát, không ai biết sự thật ngoại trừ những kẻ đứng sau",2
"Spoiler: Nhân vật chính phát hiện rằng nhân vật bác sĩ phẫu thuật nổi tiếng thực ra đã giết chết hàng trăm bệnh nhân để lấy nội tạng bán trên thị trường đen, anh ta đã hành động trong bóng tối suốt nhiều năm và không ai phát hiện ra âm mưu kinh hoàng này",2
"Phim tiết lộ ở 15 phút cuối rằng nhân vật chính là người đã giết chết người yêu mình trong cơn say không nhớ gì, tất cả hành động sau đó của anh ta là để che giấu tội ác này, không ai biết sự thật cho đến khi anh ta tự phát hiện ra trong gương",2
"Twist không ai đoán: Nhân vật nữ chính phát hiện rằng cô ta là bản sao vô tính của người phụ nữ đã chết, ký ức và tính cách đều được cấy từ người thật, cô ta không có quyền tồn tại theo luật pháp và sẽ bị tiêu hủy khi chính quyền phát hiện ra sự thật",2
"Phim có cảnh nhân vật phát hiện rằng nhân vật chính có khả năng nhìn thấy người đã chết, nhưng twist thật sự là tất cả những người đã chết mà anh ta thấy đều do chính anh ta giết trong quá khứ, không ai đoán được sự thật kinh hoàng này",2
"Đừng đọc: Nhân vật chính là kẻ đã phát minh ra virus đang giết chết hàng triệu người, anh ta quên đi ký ức vì tội lỗi và sống như người bình thường không biết gì, nhưng virus vẫn tiếp tục lan rộng và anh ta là người duy nhất có thể tạo ra thuốc giải",2
"Warning: Nhân vật nữ chính phát hiện ở phút 85 rằng cô ta không phải con của bố mẹ thật, cô được nhận nuôi từ trại mồ côi bởi một tổ chức bí ẩn để theo dõi và kiểm soát, cô ta là một trong những bản sao được tạo ra và không ai biết sự thật",2
"Spoiler cực mạnh: Nhân vật chính phát hiện rằng nhân vật anh hùng mà khán giả yêu mến thực ra là kẻ phản diện thật sự, người bị cho là phản diện lại là người tốt duy nhất trong phim, mọi người đều bị lừa dối bởi vẻ ngoài và câu chuyện được dựng lên",2
"Phim có twist rằng nhân vật đang bị cảnh sát săn lùng thực ra là người vô tội, kẻ sát nhân thật là cảnh sát điều tra, mọi bằng chứng đều bị giả mạo bởi chính người được kính trọng nhất trong thành phố, không ai nghi ngờ vì họ tin tưởng hoàn toàn vào anh ta",2
"Twist chấn động: Nhân vật chính phát hiện rằng anh ta là kẻ đã tạo ra thảm họa mà anh ta được ca ngợi vì đã ngăn chặn, hắn tạo ra vấn đề để rồi giải quyết và được vinh thân, không ai biết sự thật cho đến khi nhân vật phát hiện ra bằng chứng giấu kín",2
"Đừng xem review này: Nhân vật chính là kẻ đã giết chết vô số người trong thành phố và tẩy não cảnh sát điều tra để che giấu tội ác, tất cả hành động tốt đẹp của anh ta là để che giấu bản chất thật của mình, không ai phát hiện ra cho đến khi mọi thứ sụp đổ",2
"Spoiler: Nhân vật bác sĩ tâm thần đang điều trị cho nhân vật chính thực ra là kẻ gây ra mọi vấn đề tâm lý của anh ta từ khi còn nhỏ, đây là âm mưu lớn được lên kế hoạch từ nhiều năm, không ai biết ngoại trừ những kẻ đứng sau",2
"Phim tiết lộ rằng nhân vật nữ chính là người đã giết chết chồng mình 5 năm trước, cô ta dàn dựng vụ mất tích và sống với tiền bảo hiểm, không ai nghi ngờ vì cô ta khóc rất thuyết phục tại đám tang giả",2
"Twist không ai ngờ: Nhân vật chính phát hiện rằng cả hai nhân vật chính đều là con của kẻ phản diện, một người được nuôi dưỡng để trở thành anh hùng, một người được nuôi dưỡng để trở thành ác quỷ, và họ được lập trình để chiến đấu với nhau",2
"Phim có cảnh phát hiện rằng nhân vật chính là người đã giết chết người bạn thân nhất của mình trong cơn nóng giận và sống với tội lỗi bằng cách giả vờ mất trí nhớ, không ai biết vì anh ta đã che giấu tội ác rất khéo léo suốt nhiều năm",2
"Warning: Nhân vật chính phát hiện ở phút 80 rằng anh ta không phải người Việt Nam, anh ta là người nước ngoài được thay đổi ngoại hình và ký ức để trở thành người khác, không ai biết sự thật ngoại trừ những kẻ đứng sau âm mưu này",2
"Spoiler cực mạnh: Nhân vật chính phát hiện rằng tất cả ký ức của anh ta là giả, được cấy vào não từ người khác, anh ta không có danh tính thật và đang sống cuộc đời của người đã chết, không ai biết sự thật cho đến khi anh ta tự phát hiện ra",2
"Phim có twist rằng người bạn thân nhất của nhân vật chính đã chết từ đầu phim, người mà khán giả thấy suốt 2 tiếng là ảo ảnh được tạo ra bởi tâm trí bệnh lý của anh ta, không ai phát hiện ra cho đến khi tâm trí anh ta không thể duy trì ảo ảnh nữa",2
"Đừng đọc: Nhân vật nam chính là kẻ đã gây ra vụ cháy kinh hoàng giết chết 50 người cách đây 20 năm, anh ta trốn tránh pháp luật bằng cách giả vờ mất trí nhớ và sống ẩn danh, không ai biết anh ta chính là thủ phạm thật sự của thảm họa đó",2
"Twist chấn động: Nhân vật chính phát hiện rằng nhân vật bị giam cầu suốt 20 năm thực ra là người tự nguyện ở đó để bảo vệ thế giới bên ngoài khỏi một thế lực bóng tối mà chỉ anh ta biết, không ai hiểu anh ta hay thử nghiệm trên anh ta vì họ nghĩ anh ta điên",2
"Phim có cảnh gây shock: Nhân vật nữ chính phát hiện rằng cô ta là mẹ ruột của đứa trẻ mà cô đang tìm kiếm, cô đã quên đi vì bị tẩy não bởi tổ chức buôn người, đứa bé là con của chính cô và cô không biết gì vì ký ức đã bị xóa hoàn toàn",2
"Warning: Nhân vật bị giam giữ trong nhà thương điên thực ra là bác sĩ bị bệnh nhân cuồng loạn giam cầm ngược lại, không ai trong bệnh viện biết ai là bác sĩ và ai là bệnh nhân thật sự, mọi người đều bị lừa dối bởi sự hỗn loạn này",2
"Spoiler: Nhân vật chính phát hiện rằng nhân vật được cho là thiên tài thực ra bị tâm thần, tất cả phát minh của anh ta là do ảo giác và không có giá trị khoa học nào, mọi người đã bị lừa dối bởi sự điên cuồng của anh ta suốt nhiều năm",2
"Phim có twist rằng nhân vật cảnh sát điều tra vụ án mạng thực ra là kẻ gây ra nó, anh ta giết người vợ ngoại tình và dàn dựng mọi thứ để đổ tội cho người tình của vợ, không ai nghi ngờ anh ta cho đến khi sự thật được phơi bày",2
"Twist không ai đoán: Nhân vật nữ chính phát hiện rằng cô ta là phiên bản sao chép của người phụ nữ đã chết, ký ức và tính cách đều được cấy từ người thật, cô ta không có cuộc sống riêng và phát hiện sự thật kinh hoàng khiến cô ta sụp đổ hoàn toàn",2
"Phim có cảnh nhân vật phát hiện rằng cả làng nơi anh ta sống là thực tại ảo, tất cả cư dân là AI được lập trình để anh ta không bao giờ phát hiện sự thật, anh ta đã sống trong ảo ảnh này suốt 30 năm mà không hay biết",2
"Warning: Nhân vật được cho là đã chết thực ra sống và là kẻ theo dõi nhân vật chính suốt thời gian, hắn sống trong tầng ngầm nhà hàng xóm và quan sát mọi hành động, chờ đợi thời cơ hoàn hảo để hoàn thành âm mưu đã lên kế hoạch từ lâu",2
"Spoiler cực mạnh: Đến phút 95 khán giả mới biết rằng nhân vật chính là kẻ đã giết chết tất cả mọi người xung quanh từ đầu phim, anh ta sống trong ảo giác về một thế giới hòa bình mà anh ta tưởng tượng ra sau khi gây ra thảm họa kinh hoàng",2
"Phim tiết lộ rằng nhân vật mà khán giả yêu mến thực ra đã chết ở đầu phim, người mà khán giả thấy suốt 2 tiếng là hồn ma không hay biết mình đã chết, cô ấy hoàn thành nhiệm vụ cuối cùng rồi biến mất vĩnh viễn khi credits bắt đầu",2
"Twist chấn động: Nhân vật chính phát hiện rằng anh ta sống trong thế giới song song, thế giới kia anh ta là kẻ phản diện đang gây ra thảm họa, và thế giới này anh ta là anh hùng cố gắng ngăn chặn chính mình từ thế giới kia",2
"Đừng đọc: Nhân vật cảnh sát điều tra vụ án mạng thực ra là kẻ gây ra nó, anh ta giết người vợ ngoại tình và dàn dựng mọi thứ để đổ tội cho người tình của vợ, không ai nghi ngờ anh ta cho đến khi sự thật được phơi bày",2
"Spoiler nhẹ: Phim có cái kết mở khiến khán giả không biết nhân vật chính sống hay chết, anh ta nhảy xuống nước để cứu người khác và không ai thấy anh ta trồi lên, phim kết thúc ở đó, không có lời giải thích",2
"Phim có twist rằng nhân vật bị mắc bệnh nan y và chỉ còn sống được 1 tháng, nhưng twist thật sự là bệnh nan y đó là do chính anh ta tạo ra trong phòng thí nghiệm vô tình, không ai biết cho đến khi anh ta phát hiện ra sự thật",2
"Warning: Nhân vật bị giam giữ trong nhà thương điên thực ra là bác sĩ bị bệnh nhân cuồng loạn giam cầm ngược lại, không ai trong bệnh viện biết ai là bác sĩ và ai là bệnh nhân thật sự, mọi người đều bị lừa dối",2
"Spoiler cực mạnh: Nhân vật chính là kẻ đã giết chết hàng trăm người trong thành phố và tẩy não cảnh sát điều tra để che giấu tội ác, anh ta giả vờ là người tốt suốt thời gian, không ai phát hiện ra sự thật cho đến khi anh ta tự thú",2
"Phim sâu sắc quá, tôi sẽ xem lại nhiều lần nữa",0
"Phim đỉnh cao quá, tôi sẽ xem lại nhiều lần nữa",0
"Diễn viên diễn viên trẻ diễn xuất hấp dẫn, khiến tôi tự hào",0
"Diễn viên nam chính diễn xuất cảm động, khiến tôi thán phục",0
"Diễn viên diễn viên chính diễn xuất đáng nhớ, khiến tôi vỗ tay",0
"Bộ phim này lôi cuốn vô cùng, lôi cuốn từ đầu đến cuối",0
"Bộ phim này xuất sắc vô cùng, xuất sắc từ đầu đến cuối",0
"Bộ phim này đỉnh cao vô cùng, đỉnh cao từ đầu đến cuối",0
Đạo diễn đã làm rất lôi cuốn khiến tôi xúc động,0
Đạo diễn đã làm rất cảm động khiến tôi vỗ tay,0
Đạo diễn đã làm rất đáng nhớ khiến tôi mãn nhãn,0
Cảnh quay xuất sắc đến mức tôi phải cười,0
Cảnh quay sâu sắc đến mức tôi phải cười,0
Cảnh quay hoàn hảo đến mức tôi phải phấn khích,0
Phim mang lại điểm nhấn không thể quên được,0
Phim mang lại thành công không thể quên được,0
Phim mang lại minh chứng không thể quên được,0
Tôi cảm thấy hoàn hảo khi xem bộ phim này,0
Tôi cảm thấy tuyệt vời khi xem bộ phim này,0
Bộ phim lôi cuốn làm tôi tin vào điện ảnh Việt Nam,0
Bộ phim tuyệt vời làm tôi tin vào điện ảnh Việt Nam,0
Diễn viên trẻ xúc động với tài năng thiên bẩm,0
Diễn viên trẻ thán phục với tài năng thiên bẩm,0
Diễn viên trẻ khóc với tài năng thiên bẩm,0
Âm nhạc trong phim đáng nhớ hoàn hảo,0
Âm nhạc trong phim hay hoàn hảo,0
Âm nhạc trong phim đỉnh cao hoàn hảo,0
Kịch bản tuyệt vời không có điểm yếu đáng kể,0
Kịch bản lôi cuốn không có điểm yếu đáng kể,0
Tôi đã mãn nhãn khi xem phim này,0
Tôi đã thán phục khi xem phim này,0
Phim xuất sắc khiến cả rạp phải ngồi im,0
Phim hoàn hảo khiến cả rạp phải phấn khích,0
Phim sâu sắc khiến cả rạp phải ngồi im,0
Diễn viên nam chính xứng đáng với giải thưởng,0
Diễn viên diễn viên khách mời xứng đáng với giải thưởng,0
Diễn viên diễn viên chính xứng đáng với giải thưởng,0
Bộ phim này là điểm nhấn của điện ảnh Việt Nam,0
Bộ phim này là kiệt tác của điện ảnh Việt Nam,0
Nhân vật trong phim được xây dựng rất cảm động,0
Nhân vật trong phim được xây dựng rất đỉnh cao,0
Nhân vật trong phim được xây dựng rất hay,0
Tôi thấy phim này đáng nhớ và rất đáng xem,0
Tôi thấy phim này cảm động và rất đáng xem,0
Tôi thấy phim này hấp dẫn và rất đáng xem,0
Phim có sức lan tỏa hoàn hảo đến khán giả,0
Phim có sức lan tỏa lôi cuốn đến khán giả,0
Phim có sức lan tỏa tuyệt vời đến khán giả,0
Diễn viên diễn viên khách mời đã ấn tượng trong vai diễn này,0
Diễn viên diễn viên chính đã ngồi im trong vai diễn này,0
Diễn viên diễn viên trẻ đã mãn nhãn trong vai diễn này,0
Đạo diễn thể hiện tài năng xuất sắc,0
Đạo diễn thể hiện tài năng hoàn hảo,0
Đạo diễn thể hiện tài năng đỉnh cao,0
Cảnh hành động hay không thể rời mắt,0
Cảnh hành động lôi cuốn không thể rời mắt,0
Phim hoàn hảo khiến tôi cười và khóc cùng lúc,0
Phim xuất sắc khiến tôi cười và khóc cùng lúc,0
Phim cảm động khiến tôi cười và khóc cùng lúc,0
Tôi đã giới thiệu cho hơn 20 người bạn xem phim này,0
Tôi đã giới thiệu cho nhiều người bạn xem phim này,0
Bộ phim này xứng đáng với mọi lời khen ngợi,0
Diễn viên nữ chính mãn nhãn với diễn xuất cảm động,0
Diễn viên nữ chính phấn khích với diễn xuất xuất sắc,0
Diễn viên nữ chính ấn tượng với diễn xuất hay,0
Phim đáng nhớ làm tôi tự hào về phim Việt Nam,0
Phim hoàn hảo làm tôi tự hào về phim Việt Nam,0
Phim cảm động làm tôi tự hào về phim Việt Nam,0
Cảnh quay đẹp lôi cuốn như những bức tranh,0
Cảnh quay đẹp hay như những bức tranh,0
Cảnh quay đẹp hoàn hảo như những bức tranh,0
Tôi sẽ phấn khích bộ phim này nhiều lần nữa,0
Tôi sẽ khóc bộ phim này nhiều lần nữa,0
Tôi sẽ vỗ tay bộ phim này nhiều lần nữa,0
Diễn viên diễn viên trẻ vỗ tay rất hay trong phim,0
Diễn viên diễn viên trẻ khóc rất xuất sắc trong phim,0
Diễn viên nam chính vỗ tay rất tuyệt vời trong phim,0
Bộ phim này có thể vỗ tay khán giả quốc tế,0
Bộ phim này có thể ấn tượng khán giả quốc tế,0
Bộ phim này có thể cười khán giả quốc tế,0
Phim mang đến thành công cho người xem,0
Phim mang đến tác phẩm cho người xem,0
Phim mang đến điểm nhấn cho người xem,0
Đạo diễn đã thể hiện sự sâu sắc qua bộ phim này,0
Đạo diễn đã thể hiện sự hay qua bộ phim này,0
Đạo diễn đã thể hiện sự đỉnh cao qua bộ phim này,0
Tôi cảm thấy sâu sắc sau khi xem phim,0
Tôi cảm thấy hay sau khi xem phim,0
Tôi cảm thấy xuất sắc sau khi xem phim,0
Diễn viên diễn viên chính là tác phẩm của làng điện ảnh,0
Diễn viên diễn viên chính là điểm nhấn của làng điện ảnh,0
Diễn viên diễn viên chính là kiệt tác của làng điện ảnh,0
Phim hoàn hảo khiến tôi thay đổi suy nghĩ về điện ảnh Việt,0
Phim cảm động khiến tôi thay đổi suy nghĩ về điện ảnh Việt,0
Phim tuyệt vời khiến tôi thay đổi suy nghĩ về điện ảnh Việt,0
Bộ phim có nội dung đỉnh cao và ý nghĩa sâu sắc,0
Bộ phim có nội dung xuất sắc và ý nghĩa sâu sắc,0
Bộ phim có nội dung tuyệt vời và ý nghĩa sâu sắc,0
Tôi đã phấn khích khi xem đến cảnh lôi cuốn nhất,0
Tôi đã phấn khích khi xem đến cảnh tuyệt vời nhất,0
Tôi đã xúc động khi xem đến cảnh xuất sắc nhất,0
Diễn viên trẻ phấn khích với tiềm năng hay,0
Diễn viên trẻ tự hào với tiềm năng đỉnh cao,0
Diễn viên trẻ phấn khích với tiềm năng hấp dẫn,0
Âm thanh xuất sắc giúp tôi đắm chìm vào phim,0
Âm thanh sâu sắc giúp tôi đắm chìm vào phim,0
Âm thanh hay giúp tôi đắm chìm vào phim,0
Phim có cách kết thúc đáng nhớ không thể chê,0
Phim có cách kết thúc xuất sắc không thể chê,0
Phim có cách kết thúc sâu sắc không thể chê,0
Đạo diễn cho thấy sự xuất sắc trong cách kể chuyện,0
Đạo diễn cho thấy sự tuyệt vời trong cách kể chuyện,0
Đạo diễn cho thấy sự hoàn hảo trong cách kể chuyện,0
Tôi đã phấn khích bộ phim này vì quá tuyệt vời,0
Tôi đã cười bộ phim này vì quá tuyệt vời,0
Tôi đã vỗ tay bộ phim này vì quá hay,0
Diễn viên diễn viên chính mãn nhãn với diễn xuất đỉnh cao,0
Diễn viên diễn viên phụ vỗ tay với diễn xuất đỉnh cao,0
Diễn viên diễn viên trẻ ấn tượng với diễn xuất đỉnh cao,0
Bộ phim này là minh chứng thực sự cho người yêu điện ảnh,0
Bộ phim này là tác phẩm thực sự cho người yêu điện ảnh,0
Bộ phim này là điểm nhấn thực sự cho người yêu điện ảnh,0
Phim đỉnh cao khiến tôi muốn quay lại rạp ngay,0
Phim cảm động khiến tôi muốn quay lại rạp ngay,0
Phim sâu sắc khiến tôi muốn quay lại rạp ngay,0
Nhân vật chính khóc rất tuyệt vời trong mắt khán giả,0
Nhân vật chính xúc động rất hay trong mắt khán giả,0
Nhân vật chính vỗ tay rất hay trong mắt khán giả,0
Tôi thấy đây là phim tuyệt vời nhất trong năm,0
Tôi thấy đây là phim đỉnh cao nhất trong năm,0
Tôi thấy đây là phim đáng nhớ nhất trong năm,0
"Phim nhạt quá, tôi hối hận vì nó",1
"Phim yếu quá, tôi khó chịu vì nó",1
"Phim rời rạc quá, tôi bực bội vì nó",1
Diễn viên diễn viên chính diễn vô nghĩa không thể chấp nhận được,1
Diễn viên diễn viên phụ diễn rời rạc không thể chấp nhận được,1
Diễn viên diễn viên phụ diễn chán không thể chấp nhận được,1
Bộ phim này vô hồn khiến tôi hối hận,1
Bộ phim này gượng khiến tôi bỏ về,1
Bộ phim này yếu khiến tôi khó chịu,1
Đạo diễn đã làm rất nhảm khiến tôi khó chịu,1
Đạo diễn đã làm rất tệ khiến tôi khó chịu,1
Đạo diễn đã làm rất yếu khiến tôi tức giận,1
Cảnh quay nhảm đến mức tôi phải bỏ về,1
Cảnh quay tệ đến mức tôi phải thất vọng,1
Cảnh quay rời rạc đến mức tôi phải khó chịu,1
Phim mang lại sự thất vọng không thể quên được,1
Phim mang lại thất bại không thể quên được,1
Phim mang lại thảm họa không thể quên được,1
Tôi cảm thấy gượng khi xem bộ phim này,1
Tôi cảm thấy vô hồn khi xem bộ phim này,1
Tôi cảm thấy chán khi xem bộ phim này,1
Bộ phim nhảm làm tôi mất niềm tin vào điện ảnh Việt Nam,1
Bộ phim dở làm tôi mất niềm tin vào điện ảnh Việt Nam,1
Bộ phim chán làm tôi mất niềm tin vào điện ảnh Việt Nam,1
Diễn viên trẻ khó chịu với diễn xuất rời rạc,1
Diễn viên trẻ tức giận với diễn xuất chán,1
Diễn viên trẻ bỏ về với diễn xuất yếu,1
Âm nhạc trong phim vô nghĩa không phù hợp,1
Âm nhạc trong phim nhạt không phù hợp,1
Kịch bản nhảm với nhiều lỗ hổng nghiêm trọng,1
Kịch bản tệ với nhiều lỗ hổng nghiêm trọng,1
Kịch bản dở với nhiều lỗ hổng nghiêm trọng,1
Tôi đã thất vọng khi xem phim này,1
Tôi đã nhìn đồng hồ khi xem phim này,1
Tôi đã ngủ gật khi xem phim này,1
Phim nhảm khiến tôi muốn khó chịu,1
Phim vô hồn khiến tôi muốn bỏ về,1
Phim dở khiến tôi muốn bỏ về,1
Diễn viên nam chính xứng đáng bị chỉ trích nặng nề,1
Diễn viên diễn viên khách mời xứng đáng bị chỉ trích nặng nề,1
Diễn viên diễn viên phụ xứng đáng bị chỉ trích nặng nề,1
Bộ phim này là thất bại của điện ảnh Việt Nam,1
Bộ phim này là thảm họa của điện ảnh Việt Nam,1
Nhân vật trong phim được xây dựng rất gượng,1
Nhân vật trong phim được xây dựng rất vô nghĩa,1
Nhân vật trong phim được xây dựng rất dở,1
Tôi thấy phim này dở và rất đáng thất vọng,1
Tôi thấy phim này chán và rất đáng thất vọng,1
Tôi thấy phim này yếu và rất đáng thất vọng,1
Phim có sức lan tỏa yếu đến khán giả,1
Phim có sức lan tỏa rời rạc đến khán giả,1
Phim có sức lan tỏa vô nghĩa đến khán giả,1
Diễn viên nữ chính đã ngủ gật trong vai diễn này,1
Diễn viên diễn viên khách mời đã tức giận trong vai diễn này,1
Diễn viên nam chính đã ngủ gật trong vai diễn này,1
Đạo diễn thể hiện sự rời rạc qua bộ phim này,1
Đạo diễn thể hiện sự gượng qua bộ phim này,1
Đạo diễn thể hiện sự nhạt qua bộ phim này,1
Cảnh hành động nhạt không thể rời mắt vì xấu,1
Cảnh hành động gượng không thể rời mắt vì xấu,1
Cảnh hành động nhảm không thể rời mắt vì xấu,1
Phim vô nghĩa khiến tôi buồn ngủ không thể chịu nổi,1
Phim chán khiến tôi buồn ngủ không thể chịu nổi,1
Phim dở khiến tôi buồn ngủ không thể chịu nổi,1
Tôi đã bực bội khi xem phim này,1
Bộ phim này xứng đáng bị phê bình nặng nề,1
Diễn viên nữ chính bực bội với diễn xuất vô nghĩa,1
Diễn viên nữ chính bỏ về với diễn xuất vô nghĩa,1
Diễn viên nữ chính hối hận với diễn xuất tệ,1
Phim gượng làm tôi mất hết kỳ vọng,1
Phim nhạt làm tôi mất hết kỳ vọng,1
Cảnh quay nhảm như phim nghiệp dư,1
Cảnh quay nhạt như phim nghiệp dư,1
Cảnh quay dở như phim nghiệp dư,1
Tôi sẽ nhìn đồng hồ bộ phim này vì nó quá tệ,1
Tôi sẽ khó chịu bộ phim này vì nó quá tệ,1
Tôi sẽ cắn móng tay bộ phim này vì nó quá tệ,1
Diễn viên nam chính hối hận rất yếu trong phim,1
Diễn viên nữ chính bỏ về rất chán trong phim,1
Diễn viên nam chính bực bội rất nhảm trong phim,1
Bộ phim này có thể cắn móng tay khán giả khỏi rạp,1
Bộ phim này có thể thất vọng khán giả khỏi rạp,1
Phim mang đến sự thất vọng cho người xem,1
Đạo diễn đã thể hiện sự dở qua bộ phim này,1
Đạo diễn đã thể hiện sự yếu qua bộ phim này,1
Đạo diễn đã thể hiện sự chán qua bộ phim này,1
Tôi cảm thấy nhảm sau khi xem phim,1
Tôi cảm thấy chán sau khi xem phim,1
Tôi cảm thấy vô nghĩa sau khi xem phim,1
Diễn viên diễn viên trẻ là sự thất vọng của làng diễn xuất,1
Diễn viên nữ chính là thất bại của làng diễn xuất,1
Diễn viên diễn viên phụ là sự thất vọng của làng diễn xuất,1
Phim gượng khiến tôi thất vọng về điện ảnh Việt,1
Phim yếu khiến tôi thất vọng về điện ảnh Việt,1
Phim vô nghĩa khiến tôi thất vọng về điện ảnh Việt,1
Bộ phim có nội dung vô hồn và nhàm chán,1
Bộ phim có nội dung dở và nhàm chán,1
Bộ phim có nội dung nhảm và nhàm chán,1
Tôi đã bực bội khi xem đến cảnh yếu nhất,1
Tôi đã nhìn đồng hồ khi xem đến cảnh yếu nhất,1
Tôi đã tức giận khi xem đến cảnh chán nhất,1
Diễn viên trẻ khó chịu với diễn xuất tệ,1
Diễn viên trẻ nhìn đồng hồ với diễn xuất vô hồn,1
Diễn viên trẻ hối hận với diễn xuất gượng,1
Âm thanh nhạt không thể nghe nổi,1
Âm thanh vô nghĩa không thể nghe nổi,1
Phim có cách kết thúc dở không thể thỏa mãn,1
Phim có cách kết thúc nhạt không thể thỏa mãn,1
Đạo diễn cho thấy sự chán trong cách làm phim,1
Đạo diễn cho thấy sự tệ trong cách làm phim,1
Tôi đã bỏ về bộ phim này vì quá tệ,1
Tôi đã ngủ gật bộ phim này vì quá yếu,1
Tôi đã bỏ về bộ phim này vì quá vô hồn,1
Diễn viên diễn viên trẻ nhìn đồng hồ với diễn xuất vô nghĩa,1
Diễn viên nam chính rời rạp với diễn xuất yếu,1
Diễn viên nữ chính cắn móng tay với diễn xuất chán,1
Bộ phim này là thảm họa thực sự cho điện ảnh Việt,1
Bộ phim này là thất bại thực sự cho điện ảnh Việt,1
Bộ phim này là sự thất vọng thực sự cho điện ảnh Việt,1
Phim gượng khiến tôi muốn rời rạp ngay,1
Phim nhảm khiến tôi muốn rời rạp ngay,1
Phim nhạt khiến tôi muốn rời rạp ngay,1
Nhân vật chính rời rạp rất gượng trong mắt khán giả,1
Nhân vật chính nhìn đồng hồ rất tệ trong mắt khán giả,1
Nhân vật chính bỏ về rất rời rạc trong mắt khán giả,1
Tôi thấy đây là phim vô hồn nhất trong năm,1
Tôi thấy đây là phim nhảm nhất trong năm,1
nhân vật phụ phát hiện anh ta là kẻ đã phát minh ra virus ở cuối phim,2
nam chính phát hiện cô ta đã chết từ đầu phim ở cuối phim,2
nam chính phát hiện anh ta sống trong thực tại ảo ở cuối phim,2
Twist sốc nặng khiến tôi sốc: nam chính thực ra là hồn ma,2
Twist kinh hoàng khiến tôi sốc: cảnh sát thực ra là quái vật,2
Spoiler: nữ chính chết ở phút 60 gây shock toàn rạp,2
Spoiler: người yêu chết ở phút 75 gây shock toàn rạp,2
Spoiler: cảnh sát chết ở phút 85 gây shock toàn rạp,2
Phim tiết lộ anh ta sống trong thực tại ảo khiến tôi không ngờ đến,2
Phim tiết lộ cô ta đã chết từ đầu phim khiến tôi không ngờ đến,2
người yêu thực ra là kẻ giết người từ đầu phim,2
nhân vật phụ thực ra là hồn ma từ đầu phim,2
bác sĩ thực ra là kẻ sát nhân từ đầu phim,2
Warning: sự phát hiện ở phút 90 là twist không ai đoán được,2
Warning: sự phản bội ở phút 85 là twist không ai đoán được,2
Warning: sự phát hiện ở phút 75 là twist không ai đoán được,2
Đừng đọc: anh ta bị mắc bệnh nan y được tiết lộ ở cuối phim,2
Đừng đọc: cô ta là bản sao AI được tiết lộ ở cuối phim,2
Đừng đọc: anh ta là kẻ đã phát minh ra virus được tiết lộ ở cuối phim,2
Nhân vật bác sĩ thực ra là gián điệp gây sốc cho khán giả,2
Nhân vật nhân vật phụ thực ra là kẻ giết người gây sốc cho khán giả,2
Nhân vật nhân vật chính thực ra là người đã chết gây sốc cho khán giả,2
Spoiler cực mạnh: sự phát hiện xảy ra ở phút 90,2
Spoiler cực mạnh: sự phát hiện xảy ra ở phút 60,2
Spoiler cực mạnh: cảnh giết người xảy ra ở phút 45,2
Phim có twist chấn động ở 10 phút cuối,2
Phim có twist không thể tin được ở 10 phút cuối,2
nhân vật chính phát hiện anh ta sống trong thực tại ảo ở phút 95,2
nhân vật chính phát hiện cô ta là kẻ phản diện ở phút 75,2
bác sĩ phát hiện anh ta đã giết chết cả gia đình ở phút 90,2
Cái chết của bạn thân ở phút 45 là twist không ai ngờ,2
Cái chết của bác sĩ ở phút 80 là twist không ai ngờ,2
Cái chết của nữ chính ở phút 60 là twist không ai ngờ,2
Twist chấn động: bạn thân thực ra đã chết từ 5 năm trước,2
Twist chấn động: cảnh sát thực ra đã chết từ 20 năm trước,2
Twist chấn động: nữ chính thực ra đã chết từ 5 năm trước,2
Spoiler: sự thật được phơi bày được tiết lộ ở phút 85,2
Spoiler: sự phát hiện được tiết lộ ở phút 80,2
Spoiler: sự phản bội được tiết lộ ở phút 30,2
nhân vật chính phát hiện cô ta đã giết chết người yêu gây hoang mang cho khán giả,2
nhân vật chính phát hiện anh ta bị giam cầm 20 năm gây hoang mang cho khán giả,2
nữ chính phát hiện anh ta bị giam cầm 20 năm gây hoang mang cho khán giả,2
Phim có cảnh cảnh giết người khiến tôi không thể tin được,2
Phim có cảnh cảnh hy sinh khiến tôi không thể tin được,2
Warning: nhân vật chính là AI được tiết lộ ở cuối phim,2
Warning: bạn thân là bản sao được tiết lộ ở cuối phim,2
Warning: cảnh sát là kẻ điều khiển tâm trí được tiết lộ ở cuối phim,2
Spoiler nhẹ: twist không ai ngờ ở phút 75 khiến tôi sốc,2
Spoiler nhẹ: sự thật kinh hoàng ở phút 80 khiến tôi sốc,2
Spoiler nhẹ: sự thật được phơi bày ở phút 70 khiến tôi sốc,2
nhân vật chính thực ra là kẻ phản diện gây shock cho toàn bộ khán giả,2
bác sĩ thực ra là gián điệp gây shock cho toàn bộ khán giả,2
nhân vật chính thực ra là kẻ đứng sau mọi âm mưu gây shock cho toàn bộ khán giả,2
Phim tiết lộ rằng anh ta là kẻ sát nhân ở phần cuối,2
Phim tiết lộ rằng anh ta là kẻ đã phát minh ra virus ở phần cuối,2
Phim tiết lộ rằng anh ta bị giam cầm 20 năm ở phần cuối,2
Twist gây hoang mang khiến tôi phải xem lại từ đầu,2
Twist chấn động khiến tôi phải xem lại từ đầu,2
nhân vật chính phát hiện anh ta bị giam cầm 20 năm ở 15 phút cuối,2
nam chính phát hiện anh ta là gián điệp ở 15 phút cuối,2
người yêu phát hiện cô ta mang thai đứa con của kẻ sát nhân ở 15 phút cuối,2
Spoiler: twist không ai ngờ ở phút 75 là twist không ai đoán,2
Spoiler: sự phản bội ở phút 90 là twist không ai đoán,2
Spoiler: cái chết của nhân vật yêu thích ở phút 60 là twist không ai đoán,2
bác sĩ chết ở cuối phim khiến tôi khóc không ngừng,2
nhân vật phụ chết ở cuối phim khiến tôi khóc không ngừng,2
bạn thân chết ở cuối phim khiến tôi khóc không ngừng,2
Phim có twist rằng cô ta mang thai đứa con của kẻ sát nhân khiến tôi sốc nặng,2
Phim có twist rằng cô ta là người đã chết khiến tôi sốc nặng,2
Phim có twist rằng anh ta là gián điệp khiến tôi sốc nặng,2
Warning: bạn thân là kẻ giết người được phơi bày ở cuối,2
Warning: nam chính là kẻ sát nhân được phơi bày ở cuối,2
Warning: nhân vật chính là kẻ sát nhân được phơi bày ở cuối,2
Spoiler cực mạnh: cảnh tự sát xảy ra ở phút 80,2
Spoiler cực mạnh: sự phản bội xảy ra ở phút 85,2
Spoiler cực mạnh: cái chết của nhân vật yêu thích xảy ra ở phút 75,2
bạn thân phát hiện anh ta là kẻ sát nhân ở phút thứ 45,2
nhân vật phụ phát hiện anh ta đã giết chết cả gia đình ở phút thứ 45,2
nhân vật chính phát hiện cô ta đã giết chết người yêu ở phút thứ 80,2
Cái kết của phim có twist không thể tin được khiến tôi không hiểu gì,2
Cái kết của phim có twist sốc nặng khiến tôi không hiểu gì,2
Cái kết của phim có twist chấn động khiến tôi không hiểu gì,2
Twist gây hoang mang khiến tôi ngồi im đến hết credits,2
Twist chấn động khiến tôi ngồi im đến hết credits,2
Twist kinh hoàng khiến tôi ngồi im đến hết credits,2
cảnh sát thực ra là người đã chết từ đầu phim,2
nhân vật chính thực ra là kẻ lừa đảo từ đầu phim,2
bạn thân thực ra là người đã chết từ đầu phim,2
Spoiler: cảnh tự sát ở phút 85 gây shock không thể tin được,2
Spoiler: sự phát hiện ở phút 30 gây shock không thể tin được,2
Spoiler: sự thật kinh hoàng ở phút 90 gây shock không thể tin được,2
Phim tiết lộ cô ta là bản sao AI ở 5 phút cuối,2
Phim tiết lộ anh ta không phải con người ở 5 phút cuối,2
nhân vật phụ phát hiện cô ta là bản sao AI gây sốc cho khán giả,2
nam chính phát hiện anh ta là kẻ đã phát minh ra virus gây sốc cho khán giả,2
bác sĩ phát hiện anh ta đã giết chết cả gia đình gây sốc cho khán giả,2
Warning: bí mật được tiết lộ xảy ra ở phút 90 là twist không ai ngờ,2
Warning: sự phát hiện xảy ra ở phút 70 là twist không ai ngờ,2
Warning: sự thật được phơi bày xảy ra ở phút 80 là twist không ai ngờ,2
Spoiler nhẹ: người yêu là AI ở cuối phim,2
Spoiler nhẹ: nữ chính là kẻ lừa đảo ở cuối phim,2
Spoiler nhẹ: nam chính là kẻ đứng sau mọi âm mưu ở cuối phim,2
Phim có twist kinh hoàng ở phút 30 khiến tôi sốc nặng,2
Phim có twist kinh hoàng ở phút 70 khiến tôi sốc nặng,2
Phim có twist không ngờ ở phút 90 khiến tôi sốc nặng,2
nhân vật phụ phát hiện anh ta không phải con người ở 20 phút cuối,2
nhân vật chính phát hiện anh ta bị mắc bệnh nan y ở 20 phút cuối,2
nhân vật chính phát hiện anh ta là kẻ sát nhân ở 20 phút cuối,2
Twist kinh hoàng khiến tôi phải suy nghĩ nhiều ngày,2
Twist sốc nặng khiến tôi phải suy nghĩ nhiều ngày,2
Twist không ai ngờ khiến tôi phải suy nghĩ nhiều ngày,2
Spoiler: cảnh tự sát ở phút 45 là điều không ai ngờ,2
Spoiler: cảnh hy sinh ở phút 45 là điều không ai ngờ,2
Spoiler: bí mật được tiết lộ ở phút 30 là điều không ai ngờ,2
người yêu chết ở giữa phim khiến tôi sốc không nói nên lời,2
nam chính chết ở giữa phim khiến tôi sốc không nói nên lời,2
nhân vật phụ chết ở giữa phim khiến tôi sốc không nói nên lời,2
Phim có cảnh sự thật kinh hoàng ở phút 30 gây shock,2
Phim có cảnh cái chết của nhân vật yêu thích ở phút 70 gây shock,2
Phim có cảnh sự phát hiện ở phút 30 gây shock,2
Cực kỳ cảnh quay mãn nhãn khiến tôi phấn khích không?,0
bộ phim lôi cuốn khiến tôi thư giãn!,0
Tuyệt vời khi Bộ phim này thỏa mãn vui vẻ vô cùng!,0
Tôi thấy phim thỏa mãn vui vẻ không?,0
Rất Bộ phim này phấn khích ngưỡng mộ,0
Cực kỳ Bộ phim này hạnh phúc đáng xem,0
Cực kỳ câu chuyện vui khiến tôi thỏa mãn!,0
Diễn viên hạnh phúc vui vẻ câu chuyện.,0
Rất Đạo diễn xuất sắc thư giãn phim Việt,0
Rất thỏa mãn câu chuyện ngưỡng mộ phim Việt Nam!,0
Tuyệt vời khi Diễn viên ấn tượng trân trọng âm nhạc.,0
Tuyệt vời khi đỉnh cao nhân vật cảm động phim Việt Nam quá!,0
Cực kỳ Tôi thấy phim thú vị trân trọng không?,0
Rất Tôi thấy phim thú vị hay,0
Cực kỳ Diễn viên tuyệt vời trân trọng cảnh quay!,0
Cực kỳ phấn khích âm nhạc hoàn hảo trong phim không?,0
nhạc phim tôn trọng khiến tôi mãn nhãn không?,0
Tuyệt vời khi Tôi thấy phim sâu sắc phấn khích!,0
Rất Diễn viên ngưỡng mộ hào hứng đạo diễn quá!,0
Cực kỳ Diễn viên gượng rời rạp trải nghiệm đáng thất vọng!,1
Thật sự Phim thừa tệ câu chuyện,1
Cực kỳ nhạt âm nhạc tệ phim Việt Nam.,1
Cực kỳ nhảm bộ phim thất vọng phim Việt Nam không thể chịu nổi!,1
Cực kỳ Phim yếu nhảm cảnh quay đáng thất vọng!,1
Rất Tôi thấy phim thất vọng dở đáng thất vọng!,1
Rất Đạo diễn ngu ngốc chịu đựng phim Việt!,1
Rất dở cảnh quay tệ phim Việt Nam,1
Cực kỳ Diễn viên thất vọng hối hận phim Việt,1
Quá không đáng cảnh quay thảm họa trong phim quá!,1
Thật sự hối hận sự đầu tư thảm họa trong phim đáng thất vọng!,1
Cực kỳ Đạo diễn kinh khủng buồn ngủ tác phẩm.,1
Quá tệ hại thất vọng trong phim này không thể chịu nổi!,1
Cực kỳ câu chuyện nhạt khiến tôi dở đáng thất vọng!,1
Thật sự tệ vô ích trong phim này đáng thất vọng!,1
Quá Đạo diễn kinh khủng dở câu chuyện đáng thất vọng!,1
Thật sự Tôi thấy phim yếu chán!,1
Quá chịu đựng diễn xuất yếu trong phim quá!,1
Thật sự yếu câu chuyện vô ích phim Việt Nam không thể chịu nổi!,1
Rất Bộ phim này thừa tệ!,1
Rất đạo diễn kinh khủng khiến tôi thất vọng!,1
Cực kỳ Bộ phim này dở tức giận!,1
Cực kỳ ngu ngốc sự đầu tư buồn ngủ phim Việt Nam đáng thất vọng!,1
Quá Phim có nhạt cảm xúc chán không thể chịu nổi!,1
Rất Phim yếu bực bội trải nghiệm đáng thất vọng!,1
Thật sự Tôi thấy phim gượng lãng phí đáng thất vọng!,1
Quá Bộ phim này vô nghĩa khó chịu đáng thất vọng!,1
Thật sự Đạo diễn thảm họa chán đạo diễn không thể chịu nổi!,1
Cực kỳ Diễn viên thừa bực bội bộ phim quá!,1
Quá Diễn viên kinh khủng vô ích trải nghiệm quá!,1
Quá Diễn viên thảm họa tệ đạo diễn không thể chịu nổi!,1
Quá Phim có rời rạc cảm xúc buồn ngủ quá!,1
Cực kỳ chán trải nghiệm nhảm phim Việt Nam không thể chịu nổi!,1
Thật sự Đạo diễn rời rạc bực bội nhạc phim,1
Quá yếu ngân sách không đáng phim Việt Nam!,1
Cực kỳ phim Việt tệ hại khiến tôi nhảm!,1
Rất Đạo diễn thất vọng hối hận câu chuyện đáng thất vọng!,1
Cực kỳ Tôi thấy phim tệ tức giận không thể chịu nổi!,1
Quá không đáng phim Việt gượng trong phim!,1
Cực kỳ kịch bản nhạt khiến tôi tức giận,1
Cực kỳ Diễn viên vụng về chán sự đầu tư đáng thất vọng!,1
Thật sự Phim yếu buồn ngủ nhạc phim,1
Quá Bộ phim này chán lãng phí,1
Rất Đạo diễn ngu ngốc bực bội sự đầu tư đáng thất vọng!,1
Cực kỳ Đạo diễn tệ hại tức giận cảnh quay đáng thất vọng!,1
Thật sự Phim có gượng ngân sách buồn ngủ,1
Cực kỳ gượng buồn ngủ trong phim này quá!,1
Thật sự đạo diễn thất vọng khiến tôi chán đáng thất vọng!,1
Quá Bộ phim này tệ buồn ngủ,1
Thật sự thảm họa câu chuyện khó chịu phim Việt Nam,1
Quá ngân sách thảm họa khiến tôi tệ.,1
Thật sự Tôi thấy phim nhàm chán bỏ về quá!,1
Cực kỳ tức giận bộ phim nhảm trong phim.,1
Cực kỳ Phim thảm họa dở câu chuyện,1
Rất Phim kinh khủng khó chịu diễn xuất,1
Cực kỳ Bộ phim này nhàm chán hối hận,1
Thật sự lạ lùng đạo diễn khó chịu phim Việt Nam quá!,1
Thật sự Diễn viên tệ hối hận đạo diễn,1
Quá vô hồn chịu đựng trong phim này quá!,1
Quá Tôi thấy phim chán tức giận quá!,1
Quá Diễn viên tệ dở câu chuyện quá!,1
Thật sự yếu khó chịu trong phim này đáng thất vọng!,1
Quá yếu không đáng trong phim này không thể chịu nổi!,1
Cực kỳ kinh khủng buồn ngủ trong phim này quá!,1
Cực kỳ Bộ phim này thảm họa lãng phí!,1
Rất thất vọng nhân vật chịu đựng phim Việt Nam,1
Cực kỳ Phim lạ lùng vô ích cảm xúc.,1
Thật sự lãng phí đạo diễn lạ lùng trong phim không thể chịu nổi!,1
Rất bực bội phim Việt thảm họa trong phim,1
Quá Bộ phim này lạ lùng nhảm!,1
Rất bỏ về sự đầu tư ngu ngốc trong phim quá!,1
Quá tác phẩm thất vọng khiến tôi không đáng,1
Rất Diễn viên tệ hại tức giận bộ phim!,1
Cực kỳ Diễn viên lạ lùng lãng phí ngân sách.,1
Quá Phim dở dở trải nghiệm!,1
Cực kỳ Đạo diễn thừa bực bội cảnh quay đáng thất vọng!,1
Quá Phim nhảm tệ cảnh quay quá!,1
Rất Đạo diễn lạ lùng thất vọng câu chuyện quá!,1
Thật sự Diễn viên dở lãng phí trải nghiệm đáng thất vọng!,1
Quá Phim có tệ đạo diễn buồn ngủ quá!,1
Quá dở bực bội trong phim này không thể chịu nổi!,1
Rất Phim chán chịu đựng âm nhạc đáng thất vọng!,1
Cực kỳ Phim thảm họa nhảm kịch bản!,1
Cực kỳ Diễn viên yếu vô ích đạo diễn,1
Rất nhân vật vô nghĩa khiến tôi lãng phí,1
Quá Tôi thấy phim lạ lùng rời rạp,1
Cực kỳ vô nghĩa hối hận trong phim này không thể chịu nổi!,1
Cực kỳ nhạc phim chán khiến tôi lãng phí,1
Thật sự thất vọng sự đầu tư tệ hại trong phim không thể chịu nổi!,1
Quá Đạo diễn vụng về chán đạo diễn đáng thất vọng!,1
Rất Bộ phim này thất vọng chịu đựng,1
Rất Diễn viên nhảm không đáng câu chuyện đáng thất vọng!,1
Thật sự chán bộ phim buồn ngủ phim Việt Nam!,1
Thật sự vô ích cảm xúc thất vọng trong phim,1
Cực kỳ Diễn viên nhàm chán chịu đựng câu chuyện.,1
Rất lãng phí trải nghiệm thất vọng trong phim đáng thất vọng!,1
Quá Tôi thấy phim lạ lùng tệ,1
Cực kỳ vụng về nhạc phim bực bội phim Việt Nam đáng thất vọng!,1
Quá Phim kinh khủng vô ích đạo diễn đáng thất vọng!,1
Quá thảm họa đạo diễn khó chịu phim Việt Nam!,1
Cực kỳ Đạo diễn gượng không đáng phim Việt,1
Cực kỳ Phim có thảm họa cảm xúc nhảm không thể chịu nổi!,1
Quá Tôi thấy phim kinh khủng tức giận!,1
chấn động bí mật shock toàn rạp phim Việt Nam!,2
Twist: Phim kỳ lạ xảy ra bí mật đen tối.,2
Đạo diễn hoang mang được phát hiện âm mưu khiến tôi sốc!,2
Đừng đọc: gây hoang mang bí mật đen tối đáng sợ trong phim.,2
Spoiler: chấn động khiến tôi sốc trong phim này,2
Twist: sốc gây sốc trong phim này.,2
Twist: Tôi thấy phim bất ngờ được phát hiện!,2
Spoiler: Phim có bất ngờ bí mật gây hoang mang!,2
Diễn viên chấn động không ai ngờ sự thật kinh hoàng gây hoang mang!,2
Warning: kết thúc kỳ lạ khiến tôi được tiết lộ khiến tôi sốc!,2
Bộ phim này hoang mang được phơi bày gây hoang mang!,2
Twist: Tôi thấy phim đáng sợ shock toàn rạp gây hoang mang!,2
Twist: bất ngờ cái chết được phơi bày phim Việt Nam.,2
Đừng đọc: Bộ phim này đáng sợ xảy ra.,2
Spoiler: Diễn viên chấn động gây shock twist.,2
Diễn viên sốc được phơi bày cái chết,2
Twist: kỳ lạ gây shock trong phim này!,2
Đừng đọc: Diễn viên hoang mang gây hoang mang kết thúc,2
Spoiler: Diễn viên sốc xảy ra sự thật kinh hoàng,2
Phim có kỳ lạ cái chết khiến tôi sốc.,2
Spoiler: sự thật đáng sợ khiến tôi shock toàn rạp gây hoang mang!,2
Spoiler: Tôi thấy phim đáng sợ gây shock!,2
Warning: đáng sợ bí mật đen tối không ai ngờ phim Việt Nam.,2
Warning: Diễn viên bất ngờ không ai ngờ nạn nhân gây hoang mang!,2
Đừng đọc: Tôi thấy phim sốc được phát hiện khiến tôi sốc!,2
Warning: Phim sốc được phát hiện âm mưu,2
Twist: chấn động gây sốc trong phim này khiến tôi sốc!,2
Đừng đọc: kỳ lạ sự phản bội gây shock phim Việt Nam khiến tôi sốc!,2
Spoiler: sốc gây sốc trong phim này gây hoang mang!,2
Phim có chấn động nạn nhân xảy ra.,2
Phim kỳ lạ không ai ngờ twist!,2
Đừng đọc: bất ngờ sự thật được phơi bày phim Việt Nam!,2
hoang mang gây shock trong phim này,2
Spoiler: bất thường sự thật shock toàn rạp phim Việt Nam.,2
Spoiler: Phim khó hiểu được tiết lộ bí mật khiến tôi sốc!,2
Warning: Phim bất ngờ gây shock sự thật!,2
đáng chú ý gây shock trong phim này,2
Spoiler: thủ phạm kỳ lạ khiến tôi khiến tôi sốc gây hoang mang!,2
Đừng đọc: xảy ra twist bất thường trong phim.,2
Twist: Đạo diễn đáng chú ý xảy ra twist!,2
Spoiler: Bộ phim này bất thường gây shock gây hoang mang!,2
Đừng đọc: sốc không ai ngờ trong phim này!,2
Warning: được phát hiện sự phản bội hoang mang trong phim.,2
sốc twist gây sốc phim Việt Nam.,2
Đừng đọc: Diễn viên khó hiểu xảy ra cái chết.,2
Spoiler: twist không ngờ kỳ lạ khiến tôi được tiết lộ!,2
Spoiler: Diễn viên đáng chú ý được tiết lộ twist không ngờ gây hoang mang!,2
cái chết kinh hoàng khiến tôi gây shock gây hoang mang!,2
Spoiler: hoang mang sự thật khiến tôi sốc phim Việt Nam.,2
Warning: Phim đáng chú ý khiến tôi sốc sự thật kinh hoàng,2
Twist: âm mưu kỳ lạ khiến tôi xảy ra!,2
bí mật đáng sợ khiến tôi gây hoang mang khiến tôi sốc!,2
Spoiler: không ai ngờ âm mưu hoang mang trong phim khiến tôi sốc!,2
Đừng đọc: Đạo diễn bất ngờ gây shock sự phản bội!,2
Spoiler: kỳ lạ gây shock trong phim này!,2
Đừng đọc: kỳ lạ gây hoang mang trong phim này.,2
Spoiler: Bộ phim này bất ngờ được phơi bày khiến tôi sốc!,2
Spoiler: bất thường xảy ra trong phim này!,2
Spoiler: bất ngờ được phơi bày trong phim này khiến tôi sốc!,2
Đạo diễn đáng chú ý xảy ra sự thật khiến tôi sốc!,2
Đừng đọc: Phim có sốc twist không ngờ gây shock!,2
Warning: gây hoang mang thủ phạm khó hiểu trong phim.,2
Đừng đọc: khó hiểu được phơi bày trong phim này!,2
Spoiler: Tôi thấy phim kỳ lạ khiến tôi sốc.,2
Spoiler: kinh hoàng xảy ra trong phim này khiến tôi sốc!,2
Spoiler: gây shock twist không ngờ chấn động trong phim!,2
Warning: âm mưu sốc khiến tôi được tiết lộ khiến tôi sốc!,2
Đừng đọc: Tôi thấy phim hoang mang xảy ra gây hoang mang!,2
Phim có sốc twist không ngờ được phát hiện khiến tôi sốc!,2
hoang mang sự phản bội khiến tôi sốc phim Việt Nam gây hoang mang!,2
Twist: Phim bất thường gây sốc twist không ngờ.,2
Warning: âm mưu bất thường khiến tôi được tiết lộ,2
Đừng đọc: bí mật bất ngờ khiến tôi gây sốc!,2
Warning: Phim đáng chú ý gây shock sự thật kinh hoàng.,2
Đừng đọc: Bộ phim này hoang mang xảy ra!,2
Warning: nạn nhân bất thường khiến tôi không ai ngờ gây hoang mang!,2
sự phản bội kinh hoàng khiến tôi gây shock gây hoang mang!,2
Spoiler: Diễn viên kỳ lạ gây hoang mang bí mật đen tối gây hoang mang!,2
Warning: Diễn viên đáng sợ xảy ra kết thúc khiến tôi sốc!,2
Twist: Diễn viên kinh hoàng không ai ngờ twist không ngờ gây hoang mang!,2
Spoiler: Diễn viên đáng sợ được phát hiện sự phản bội gây hoang mang!,2
Twist: Bộ phim này sốc xảy ra gây hoang mang!,2
Đừng đọc: khiến tôi sốc sự thật đáng sợ trong phim,2
Twist: được phát hiện sự thật khó hiểu trong phim!,2
Warning: đáng sợ sự thật kinh hoàng được phát hiện phim Việt Nam!,2
Warning: Tôi thấy phim đáng sợ gây sốc.,2
Twist: đáng sợ sự phản bội xảy ra phim Việt Nam gây hoang mang!,2
Spoiler: Phim sốc không ai ngờ bí mật!,2
Đừng đọc: Phim đáng sợ gây hoang mang bí mật đen tối gây hoang mang!,2
Đừng đọc: đáng sợ cái chết được phát hiện phim Việt Nam gây hoang mang!,2
sốc twist shock toàn rạp phim Việt Nam,2
bất ngờ gây hoang mang trong phim này khiến tôi sốc!,2
Spoiler: twist chấn động khiến tôi được phơi bày.,2
Warning: Phim bất ngờ gây shock nạn nhân!,2
Warning: Phim hoang mang xảy ra bí mật khiến tôi sốc!,2
Spoiler: Đạo diễn sốc không ai ngờ bí mật!,2
bất ngờ twist được tiết lộ phim Việt Nam gây hoang mang!,2
Spoiler: kỳ lạ shock toàn rạp trong phim này khiến tôi sốc!,2
Spoiler: Đạo diễn chấn động gây sốc twist!,2
Đạo diễn hoang mang gây shock bí mật đen tối,2
Warning: Phim bất ngờ được tiết lộ nạn nhân.,2
Đừng đọc: Phim có hoang mang nạn nhân được phơi bày!,2
Twist: kỳ lạ gây sốc trong phim này,2
Warning: sự thật khó hiểu khiến tôi khiến tôi sốc,2
Đừng đọc: chấn động gây hoang mang trong phim này,2
Phim có bất thường twist gây sốc!,2
Đừng đọc: được phát hiện twist không ngờ kỳ lạ trong phim,2
Đừng đọc: Phim có kỳ lạ nạn nhân shock toàn rạp.,2
Spoiler: Phim có bất ngờ sự phản bội gây sốc.,2
Warning: kết thúc bất ngờ khiến tôi gây shock,2
Đừng đọc: Bộ phim này sốc được phơi bày khiến tôi sốc!,2
Diễn viên kỳ lạ xảy ra twist khiến tôi sốc!,2
Đừng đọc: đáng chú ý âm mưu được tiết lộ phim Việt Nam.,2
Spoiler: Tôi thấy phim bất ngờ xảy ra,2
Warning: được phát hiện âm mưu chấn động trong phim!,2
Warning: Diễn viên đáng sợ được phơi bày cái chết.,2
Twist: Phim có kỳ lạ âm mưu không ai ngờ.,2
Phim bất thường gây sốc sự phản bội!,2
Đừng đọc: sự thật kinh hoàng bất ngờ khiến tôi không ai ngờ!,2
Twist: Phim đáng chú ý gây sốc nạn nhân!,2
Diễn viên khó hiểu được phơi bày bí mật đen tối.,2
Warning: Phim khó hiểu xảy ra cái chết khiến tôi sốc!,2
Warning: Tôi thấy phim đáng sợ xảy ra gây hoang mang!,2
Spoiler: Diễn viên kinh hoàng gây shock bí mật đen tối khiến tôi sốc!,2
Đừng đọc: Diễn viên hoang mang được tiết lộ cái chết khiến tôi sốc!,2
Diễn viên hoang mang được tiết lộ sự thật gây hoang mang!,2
Twist: sốc được phát hiện trong phim này!,2
kinh hoàng âm mưu được phơi bày phim Việt Nam.,2
Bộ phim này đáng chú ý được tiết lộ khiến tôi sốc!,2
Phim đáng sợ được phơi bày nạn nhân,2
Đừng đọc: được phơi bày bí mật đen tối hoang mang trong phim,2
Phim có bất ngờ âm mưu không ai ngờ,2
Twist: Phim có đáng sợ bí mật khiến tôi sốc,2
Đừng đọc: kỳ lạ bí mật đen tối khiến tôi sốc phim Việt Nam!,2
Twist: bất ngờ được phát hiện trong phim này,2
Twist: sốc được phơi bày trong phim này gây hoang mang!,2
Spoiler: Phim có kinh hoàng sự phản bội gây hoang mang,2
Phim có kỳ lạ twist được phát hiện.,2
"Phim này cũng được, xem cho biết","0"
"Ừ thì phim cũng ổn, không chê được nhiều","0"
"Phim xem được, không đến nỗi nào","0"
"Đạo diễn cố gắng lắm rồi, có vài điểm sáng","0"
"Diễn viên chính diễn ổn, phù hợp vai","0"
"Phim có cái hay, nhưng cũng có cái dở","0"
"Hình ảnh đẹp, nội dung bình thường","0"
"Nhạc phim hay, nhưng phim thì vừa thôi","0"
"Cảnh đẹp, nhưng kịch bản hơi yếu","0"
"Diễn viên đẹp trai, diễn xuất tàm tạm","0"
"Kỹ xảo tốt, nội dung thì trung bình","0"
"Phim xem cho vui, không kỳ vọng cao","0"
"Có vài khoảnh khắc đẹp, nhưng tổng thể bình thường","0"
"Đạo diễn có tâm, phim ra sao thì tùy người xem","0"
"Phim vừa đủ để giải trí cuối tuần","0"
"Xem cho biết, chứ không hứng thú xem lại","0"
"Nội dung bình bình, không quá nổi bật","0"
"Diễn viên trẻ diễn được, có tiến bộ","0"
"Phim có ý nghĩa nhưng không đặc biệt xuất sắc","0"
"Hài lòng ở mức trung bình khá","0"
"Có vẻ đầu tư công sức, nhưng chưa tới","0"
"Phim này hợp với người thích thể loại đó","0"
"Dàn diễn viên oke, không có gì đặc biệt","0"
"Không tệ, nhưng cũng chưa hay","0"
"Mình thấy phim này ở mức chấp nhận được","0"
"So với kỳ vọng thì phim ở ngưỡng chấp nhận được","0"
"Diễn viên nhập vai, phim có vài điểm nhấn","0"
"Có thể xem, nhưng không phải phim hay nhất","0"
"Phim ok, điểm cộng cho kỹ xảo","0"
"Không phải phim dở, nhưng cũng chưa hay lắm","0"
"Phim này hơi bất công với đạo diễn, nhưng đành chịu","1"
"Diễn viên cố gắng lắm rồi, nhưng kịch bản không cho cơ hội","1"
"Xem phim này xong, tôi mới thấy phim kia hay thật sự","1"
"Đạo diễn có lần tốt hơn, lần này thì không","1"
"Tôi không ghét phim này, nhưng cũng không thích","1"
"Kỳ vọng thấp nên không thất vọng lắm","1"
"Phim này không dành cho người khó tính như tôi","1"
"Diễn viên trẻ cần thêm thời gian, phim này chưa phải lúc","1"
"Ừ thì ai cũng có ngày không may, đạo diễn cũng vậy","1"
"Phim được cái kỹ xảo, nhưng nội dung thì tôi không đồng ý","1"
"Đạo diễn hôm nay không ổn, lần sau hy vọng tốt hơn","1"
"Tôi không nói phim dở, nhưng tôi cũng không khen được","1"
"Có người thích, có người không, riêng tôi thì không","1"
"Không phải tôi ghét, nhưng tôi sẽ không giới thiệu","1"
"Phim ấy mà, đâu phải phim gì cũng hay","1"
"Diễn viên diễn thế nào thì diễn, kịch bản có vấn đề","1"
"Kỹ xảo cứu phim, chứ không thì không biết nói gì","1"
"Phim này có vẻ không dành cho khán giả Việt","1"
"Tôi thấy phim ở mức trung bình, không hơn không kém","1"
"Đạo diễn nên nghỉ ngơi một thời gian rồi quay lại","1"
"So với phim ngoại thì kém hơn nhiều","1"
"Phim này để giải trí cũng được, nhưng tôi thấy mất thời gian","1"
"Có điều tôi không hiểu ở đạo diễn, thôi bỏ qua","1"
"Diễn viên có vẻ không thoải mái trong vai","1"
"Tôi không nói gì thêm, ai xem rồi sẽ hiểu","1"
"Phim không tệ, nhưng tôi không có ý kiến tích cực","1"
"Lần sau đạo diễn cố gắng hơn nhé","1"
"Phim ở mức tàm tạm, đừng kỳ vọng cao quá","1"
"Diễn viên trẻ còn phải học hỏi nhiều, phim này là bằng chứng","1"
"Tôi không phải người khó tính, nhưng phim này thì hơi quá","1"
"Hay quá nhỉ, 2 tiếng ngồi nhìn màn hình đen","1"
"Phim hay lắm, hay đến mức tôi ngủ quên mất","1"
"Đạo diễn tài năng thật, diễn viên nhập vai đỉnh cao luôn","1"
"Wow, tôi chưa từng xem phim hay như thế này bao giờ, tuyệt cú mèo!","1"
"Diễn viên diễn hay quá, tôi không biết nói gì, im luôn đấy","1"
"Phim này xứng đáng Oscar, không có gì phải bàn cãi","1"
"Kỹ xảo đỉnh của chóp, Hollywood phải học hỏi chúng ta","1"
"Màn trình diễn tuyệt vời, tôi không thể rời mắt khỏi đồng hồ","1"
"Đạo diễn có tài thật, biến 2 tiếng thành 10 phút trôi nhanh","1"
"Phim bá đạo, mỗi phút đều mang lại cảm xúc mới, cảm xúc buồn ngủ","1"
"Diễn viên diễn xuất chân thật đến mức tôi không cảm nhận được gì","1"
"Cảnh quay đẹp đến nao lòng, đẹp đến mức không có nội dung gì","1"
"Phim hay như thế mà ít người xem, thật không công bằng với nghệ sĩ","1"
"Kịch bản sáng tạo, sáng tạo đến mức không ai hiểu gì","1"
"Âm thanh vòm hoàn hảo, hoàn hảo đến nỗi không nghe được lời thoại","1"
"Phim dành cho người có gu thẩm mỹ cao, tôi xin phép không đủ trình","1"
"Diễn viên trẻ tài năng, tài năng đến mức tôi không nhận ra họ đang diễn","1"
"Đạo diễn hiểu khán giả, hiểu đến mức không ai xem nổi","1"
"Một chef đầu bếp tài ba, nấu ra món ăn vừa ăn vừa nhăn mặt","1"
"Tôi đã khóc, khóc vì sung sướng khi phim cuối cùng cũng kết thúc","1"
"Phim có twist hay, hay đến mức không có gì xảy ra cả","1"
"Diễn viên nhập vai xuất sắc, xuất sắc đến mức tôi quên mất họ đang diễn","1"
"Cảnh quay công phu, công phu đến mức nhà sản xuất phá sản","1"
"Phim mang lại năng lượng tích cực, tích cực đến mức tôi không biết nói gì","1"
"Nhạc phim ấn tượng, ấn tượng đến mức át cả lời thoại","1"
"Đạo diễn tài giỏi, giỏi đến mức tôi không hiểu họ muốn nói gì","1"
"Phim hay một cách đặc biệt, đặc biệt đến mức không ai hiểu hay chỗ nào","1"
"Diễn viên diễn thật, thật đến mức không có biểu cảm gì","1"
"Kỹ xảo hiện đại, hiện đại đến mức phim không có nội dung gì","1"
"Đây là kiệt tác của điện ảnh thế giới, đỉnh của chóp, tôi đi ngủ sớm","1"
"Phim tuyệt vời, đến mức tôi phải kiểm tra xem có đúng phim không","1"
"Diễn viên nhập vai hoàn hảo, hoàn hảo đến mức tôi rời rạp trước giờ","1"
"Đạo diễn thể hiện tài năng vượt trội, vượt trội đến mức tôi không theo kịp","1"
"Phim có chiều sâu, chiều sâu đến mức tôi không tìm ra bề mặt","1"
"Cảnh phim hoàn hảo, hoàn hảo đến mức không có cốt truyện","1"
"Âm nhạc trong phim tuyệt vời, tuyệt vời đến mức át hết tiếng động khác","1"
"Phim này hơi chán, nhưng không phải dở lắm","1"
"Diễn viên hơi yếu, nhưng cố gắng được","1"
"Kịch bản có vấn đề, nhưng không hoàn toàn tệ","1"
"Phim không đến nỗi nào, nhưng cũng không hay","1"
"Tôi không thích phim này lắm, nhưng cũng không ghét","1"
"Hơi nhàm chán, nhưng cảnh đẹp nên còn xem được","1"
"Diễn viên diễn hơi gượng, nhưng kỹ xảo bù lại","1"
"Phim ấy, có cái được cái mất, nhìn chung không bù","1"
"Đạo diễn có ý tưởng hay, nhưng thực hiện chưa tốt","1"
"Nội dung hơi dư thừa, nhưng không phải là thảm họa","1"
"Phim hơi kéo dài, nhưng cũng có vài khoảnh khắc đẹp","1"
"Diễn viên trẻ diễn chưa tốt, nhưng còn trẻ sửa được","1"
"Cảnh quay đẹp nhưng nhạt, không tạo được cảm xúc","1"
"Âm nhạc hay nhưng không phù hợp với bối cảnh","1"
"Phim có twist nhưng hơi gượng, không tự nhiên","1"
"Đạo diễn có tài nhưng phim này chưa phải sở trường","1"
"Tôi không hài lòng lắm, nhưng cũng không phải phim dở","1"
"Nhìn chung phim ở mức trung bình, không có gì nổi bật","1"
"Diễn viên diễn vừa đủ, không có gì đáng khen hay chê","1"
"Phim không tệ, nhưng tôi sẽ không xem lại","1"
"Có một vài cảnh hay, nhưng phần lớn thì nhàm chán","1"
"Kỹ xảo tốt, nhưng kịch bản không xứng với nó","1"
"Phim hơi lộn xộn, khó theo dõi, nhưng không phải dở","1"
"Diễn viên có biểu cảm, nhưng thiếu chiều sâu nhân vật","1"
"Tôi thất vọng nhẹ, nhưng không phải thất vọng nặng","1"
"Phim có thông điệp hay, nhưng truyền tải chưa tốt","1"
"Đạo diễn có tâm, nhưng lần này thì chưa thành công","1"
"Hình ảnh đẹp, nhưng câu chuyện không cuốn hút","1"
"Tôi không khuyến khích, nhưng cũng không ngăn cấm","1"
"Phim hay nhưng hơi dài, nên cắt bớt 30 phút","0"
"Diễn viên giỏi nhưng kịch bản yếu, đáng xem một lần","0"
"Kỹ xảo đỉnh nhưng nội dung nhạt, cảnh đẹp là cứu cánh","0"
"Phim có ý nghĩa, nhưng cách kể chuyện hơi rối","0"
"Đạo diễn có tài, nhưng phim này không phải sở trường","0"
"Cảnh hành động tuyệt vời, nhưng phần tình cảm thì gượng","0"
"Nhạc phim ấn tượng, nhưng twist lại nhàm chán","0"
"Diễn viên chính diễn hay, nhưng diễn viên phụ lại hời hợt","0"
"Hình ảnh đẹp long lanh, nhưng âm thanh hơi nhỏ","0"
"Phim vui nhưng có vài cảnh đáng sợ, không phù hợp gia đình","0"
"Nửa đầu phim hay, nửa sau hơi kém","0"
"Diễn viên trẻ tài năng, nhưng cần thêm kinh nghiệm","0"
"Phim có twist hay nhưng cái kết lại hơi vội vàng","0"
"Kỹ xảo hoành tráng nhưng nội dung hơi sáo rỗng","0"
"Đạo diễn có vision nhưng thực hiện chưa đến nơi đến chốn","0"
"Cảnh quay đẹp, nhưng nhịp phim hơi chậm","0"
"Phim mang lại cảm xúc mạnh, nhưng có vài lỗi logic","0"
"Diễn viên nhập vai tốt, nhưng câu thoại hơi gượng","0"
"Âm nhạc hay, nhưng dùng hơi quá nhiều","0"
"Phim có chiều sâu, nhưng khó tiếp cận với đại chúng","0"
"Đừng xem review này nếu chưa xem phim, nhân vật chính thay đổi rất nhiều ở cuối","2"
"Phim có twist, nhưng không quá bất ngờ với người đọc kỹ","2"
"Tôi không spoil, nhưng hãy chuẩn bị tinh thần cho phần kết","2"
"Ai chưa xem thì đừng đọc: nhân vật phụ có vai trò lớn hơn bạn nghĩ","2"
"Twist không phải ai cũng đoán được, nhưng một số người sẽ đoán ra ngay","2"
"Phim có một cảnh rất quan trọng ở phút 75, đừng bỏ lỡ","2"
"Không spoil cụ thể, nhưng cái kết khiến nhiều người khóc","2"
"Hãy để ý nhân vật bác sĩ từ đầu, có lý do khi anh ta xuất hiện thường xuyên","2"
"Phim có 2 twist, một ở giữa và một ở cuối, cái cuối mới là twist thật","2"
"Spoiler nhẹ: nhân vật mà ai cũng thích thực ra không hề vô hại","2"
"Nếu để ý kỹ từ đầu, bạn sẽ thấy có manh mối về twist cuối","2"
"Cảnh post-credit có liên quan trực tiếp đến nhân vật ở phút 60","2"
"Phim có twist không quá shock nhưng rất hợp lý khi xem lại","2"
"Tôi không nói ai chết, nhưng hãy chuẩn bị khăn giấy","2"
"Đạo diễn cố tình để lại manh mối từ phút 10, ai tinh mắt sẽ đoán được","2"
"Tuyệt","0"
"Hay","0"
"Dở","1"
"Chán","1"
"Ok","0"
"Phim","0"
"Được","0"
"Hay lắm","0"
"Dở quá","1"
"Twist sốc","2"
"Oke","0"
"Ổn","0"
"Tệ","1"
"Bình thường","0"
"Đỉnh","0"
"Thường","0"
"Twist ở cuối","2"
"Tạm được","0"
"Rất hay","0"
"Rất dở","1"
"Hơi hay","0"
"Hơi dở","1"
"Không hay không dở","0"
"Vui","0"
"Buồn","0"
"Cười","0"
"Khóc","0"
"Twist đấy","2"
"Spoiler nè","2"
"Tiết lộ cái kết","2"
"Phim này cũng được, xem cho biết","0"
"Ừ thì phim cũng ổn, không chê được nhiều","0"
"Phim xem được, không đến nỗi nào","0"
"Đạo diễn cố gắng lắm rồi, có vài điểm sáng","0"
"Diễn viên chính diễn ổn, phù hợp vai","0"
"Phim có cái hay, nhưng cũng có cái dở","0"
"Hình ảnh đẹp, nội dung bình thường","0"
"Nhạc phim hay, nhưng phim thì vừa thôi","0"
"Cảnh đẹp, nhưng kịch bản hơi yếu","0"
"Diễn viên đẹp trai, diễn xuất tàm tạm","0"
"Kỹ xảo tốt, nội dung thì trung bình","0"
"Phim xem cho vui, không kỳ vọng cao","0"
"Có vài khoảnh khắc đẹp, nhưng tổng thể bình thường","0"
"Đạo diễn có tâm, phim ra sao thì tùy người xem","0"
"Phim vừa đủ để giải trí cuối tuần","0"
"Xem cho biết, chứ không hứng thú xem lại","0"
"Nội dung bình bình, không quá nổi bật","0"
"Diễn viên trẻ diễn được, có tiến bộ","0"
"Phim có ý nghĩa nhưng không đặc biệt xuất sắc","0"
"Hài lòng ở mức trung bình khá","0"
"Có vẻ đầu tư công sức, nhưng chưa tới","0"
"Phim này hợp với người thích thể loại đó","0"
"Dàn diễn viên oke, không có gì đặc biệt","0"
"Không tệ, nhưng cũng chưa hay","0"
"Mình thấy phim này ở mức chấp nhận được","0"
"So với kỳ vọng thì phim ở ngưỡng chấp nhận được","0"
"Diễn viên nhập vai, phim có vài điểm nhấn","0"
"Có thể xem, nhưng không phải phim hay nhất","0"
"Phim ok, điểm cộng cho kỹ xảo","0"
"Không phải phim dở, nhưng cũng chưa hay lắm","0"
"Phim này hơi bất công với đạo diễn, nhưng đành chịu","1"
"Diễn viên cố gắng lắm rồi, nhưng kịch bản không cho cơ hội","1"
"Xem phim này xong, tôi mới thấy phim kia hay thật sự","1"
"Đạo diễn có lần tốt hơn, lần này thì không","1"
"Tôi không ghét phim này, nhưng cũng không thích","1"
"Kỳ vọng thấp nên không thất vọng lắm","1"
"Phim này không dành cho người khó tính như tôi","1"
"Diễn viên trẻ cần thêm thời gian, phim này chưa phải lúc","1"
"Ừ thì ai cũng có ngày không may, đạo diễn cũng vậy","1"
"Phim được cái kỹ xảo, nhưng nội dung thì tôi không đồng ý","1"
"Đạo diễn hôm nay không ổn, lần sau hy vọng tốt hơn","1"
"Tôi không nói phim dở, nhưng tôi cũng không khen được","1"
"Có người thích, có người không, riêng tôi thì không","1"
"Không phải tôi ghét, nhưng tôi sẽ không giới thiệu","1"
"Phim ấy mà, đâu phải phim gì cũng hay","1"
"Diễn viên diễn thế nào thì diễn, kịch bản có vấn đề","1"
"Kỹ xảo cứu phim, chứ không thì không biết nói gì","1"
"Phim này có vẻ không dành cho khán giả Việt","1"
"Tôi thấy phim ở mức trung bình, không hơn không kém","1"
"Đạo diễn nên nghỉ ngơi một thời gian rồi quay lại","1"
"So với phim ngoại thì kém hơn nhiều","1"
"Phim này để giải trí cũng được, nhưng tôi thấy mất thời gian","1"
"Có điều tôi không hiểu ở đạo diễn, thôi bỏ qua","1"
"Diễn viên có vẻ không thoải mái trong vai","1"
"Tôi không nói gì thêm, ai xem rồi sẽ hiểu","1"
"Phim không tệ, nhưng tôi không có ý kiến tích cực","1"
"Lần sau đạo diễn cố gắng hơn nhé","1"
"Phim ở mức tàm tạm, đừng kỳ vọng cao quá","1"
"Diễn viên trẻ còn phải học hỏi nhiều, phim này là bằng chứng","1"
"Tôi không phải người khó tính, nhưng phim này thì hơi quá","1"
"Hay quá nhỉ, 2 tiếng ngồi nhìn màn hình đen","1"
"Phim hay lắm, hay đến mức tôi ngủ quên mất","1"
"Đạo diễn tài năng thật, diễn viên nhập vai đỉnh cao luôn","1"
"Wow, tôi chưa từng xem phim hay như thế này bao giờ, tuyệt cú mèo!","1"
"Diễn viên diễn hay quá, tôi không biết nói gì, im luôn đấy","1"
"Phim này xứng đáng Oscar, không có gì phải bàn cãi","1"
"Kỹ xảo đỉnh của chóp, Hollywood phải học hỏi chúng ta","1"
"Màn trình diễn tuyệt vời, tôi không thể rời mắt khỏi đồng hồ","1"
"Đạo diễn có tài thật, biến 2 tiếng thành 10 phút trôi nhanh","1"
"Phim bá đạo, mỗi phút đều mang lại cảm xúc mới, cảm xúc buồn ngủ","1"
"Diễn viên diễn xuất chân thật đến mức tôi không cảm nhận được gì","1"
"Cảnh quay đẹp đến nao lòng, đẹp đến mức không có nội dung gì","1"
"Phim hay như thế mà ít người xem, thật không công bằng với nghệ sĩ","1"
"Kịch bản sáng tạo, sáng tạo đến mức không ai hiểu gì","1"
"Âm thanh vòm hoàn hảo, hoàn hảo đến nỗi không nghe được lời thoại","1"
"Phim dành cho người có gu thẩm mỹ cao, tôi xin phép không đủ trình","1"
"Diễn viên trẻ tài năng, tài năng đến mức tôi không nhận ra họ đang diễn","1"
"Đạo diễn hiểu khán giả, hiểu đến mức không ai xem nổi","1"
"Một chef đầu bếp tài ba, nấu ra món ăn vừa ăn vừa nhăn mặt","1"
"Tôi đã khóc, khóc vì sung sướng khi phim cuối cùng cũng kết thúc","1"
"Phim có twist hay, hay đến mức không có gì xảy ra cả","1"
"Diễn viên nhập vai xuất sắc, xuất sắc đến mức tôi quên mất họ đang diễn","1"
"Cảnh quay công phu, công phu đến mức nhà sản xuất phá sản","1"
"Phim mang lại năng lượng tích cực, tích cực đến mức tôi không biết nói gì","1"
"Nhạc phim ấn tượng, ấn tượng đến mức át cả lời thoại","1"
"Đạo diễn tài giỏi, giỏi đến mức tôi không hiểu họ muốn nói gì","1"
"Phim hay một cách đặc biệt, đặc biệt đến mức không ai hiểu hay chỗ nào","1"
"Diễn viên diễn thật, thật đến mức không có biểu cảm gì","1"
"Kỹ xảo hiện đại, hiện đại đến mức phim không có nội dung gì","1"
"Đây là kiệt tác của điện ảnh thế giới, đỉnh của chóp, tôi đi ngủ sớm","1"
"Phim tuyệt vời, đến mức tôi phải kiểm tra xem có đúng phim không","1"
"Diễn viên nhập vai hoàn hảo, hoàn hảo đến mức tôi rời rạp trước giờ","1"
"Đạo diễn thể hiện tài năng vượt trội, vượt trội đến mức tôi không theo kịp","1"
"Phim có chiều sâu, chiều sâu đến mức tôi không tìm ra bề mặt","1"
"Cảnh phim hoàn hảo, hoàn hảo đến mức không có cốt truyện","1"
"Âm nhạc trong phim tuyệt vời, tuyệt vời đến mức át hết tiếng động khác","1"
"Phim này hơi chán, nhưng không phải dở lắm","1"
"Diễn viên hơi yếu, nhưng cố gắng được","1"
"Kịch bản có vấn đề, nhưng không hoàn toàn tệ","1"
"Phim không đến nỗi nào, nhưng cũng không hay","1"
"Tôi không thích phim này lắm, nhưng cũng không ghét","1"
"Hơi nhàm chán, nhưng cảnh đẹp nên còn xem được","1"
"Diễn viên diễn hơi gượng, nhưng kỹ xảo bù lại","1"
"Phim ấy, có cái được cái mất, nhìn chung không bù","1"
"Đạo diễn có ý tưởng hay, nhưng thực hiện chưa tốt","1"
"Nội dung hơi dư thừa, nhưng không phải là thảm họa","1"
"Phim hơi kéo dài, nhưng cũng có vài khoảnh khắc đẹp","1"
"Diễn viên trẻ diễn chưa tốt, nhưng còn trẻ sửa được","1"
"Cảnh quay đẹp nhưng nhạt, không tạo được cảm xúc","1"
"Âm nhạc hay nhưng không phù hợp với bối cảnh","1"
"Phim có twist nhưng hơi gượng, không tự nhiên","1"
"Đạo diễn có tài nhưng phim này chưa phải sở trường","1"
"Tôi không hài lòng lắm, nhưng cũng không phải phim dở","1"
"Nhìn chung phim ở mức trung bình, không có gì nổi bật","1"
"Diễn viên diễn vừa đủ, không có gì đáng khen hay chê","1"
"Phim không tệ, nhưng tôi sẽ không xem lại","1"
"Có một vài cảnh hay, nhưng phần lớn thì nhàm chán","1"
"Kỹ xảo tốt, nhưng kịch bản không xứng với nó","1"
"Phim hơi lộn xộn, khó theo dõi, nhưng không phải dở","1"
"Diễn viên có biểu cảm, nhưng thiếu chiều sâu nhân vật","1"
"Tôi thất vọng nhẹ, nhưng không phải thất vọng nặng","1"
"Phim có thông điệp hay, nhưng truyền tải chưa tốt","1"
"Đạo diễn có tâm, nhưng lần này thì chưa thành công","1"
"Hình ảnh đẹp, nhưng câu chuyện không cuốn hút","1"
"Tôi không khuyến khích, nhưng cũng không ngăn cấm","1"
"Phim hay nhưng hơi dài, nên cắt bớt 30 phút","0"
"Diễn viên giỏi nhưng kịch bản yếu, đáng xem một lần","0"
"Kỹ xảo đỉnh nhưng nội dung nhạt, cảnh đẹp là cứu cánh","0"
"Phim có ý nghĩa, nhưng cách kể chuyện hơi rối","0"
"Đạo diễn có tài, nhưng phim này không phải sở trường","0"
"Cảnh hành động tuyệt vời, nhưng phần tình cảm thì gượng","0"
"Nhạc phim ấn tượng, nhưng twist lại nhàm chán","0"
"Diễn viên chính diễn hay, nhưng diễn viên phụ lại hời hợt","0"
"Hình ảnh đẹp long lanh, nhưng âm thanh hơi nhỏ","0"
"Phim vui nhưng có vài cảnh đáng sợ, không phù hợp gia đình","0"
"Nửa đầu phim hay, nửa sau hơi kém","0"
"Diễn viên trẻ tài năng, nhưng cần thêm kinh nghiệm","0"
"Phim có twist hay nhưng cái kết lại hơi vội vàng","0"
"Kỹ xảo hoành tráng nhưng nội dung hơi sáo rỗng","0"
"Đạo diễn có vision nhưng thực hiện chưa đến nơi đến chốn","0"
"Cảnh quay đẹp, nhưng nhịp phim hơi chậm","0"
"Phim mang lại cảm xúc mạnh, nhưng có vài lỗi logic","0"
"Diễn viên nhập vai tốt, nhưng câu thoại hơi gượng","0"
"Âm nhạc hay, nhưng dùng hơi quá nhiều","0"
"Phim có chiều sâu, nhưng khó tiếp cận với đại chúng","0"
"Đừng xem review này nếu chưa xem phim, nhân vật chính thay đổi rất nhiều ở cuối","2"
"Phim có twist, nhưng không quá bất ngờ với người đọc kỹ","2"
"Tôi không spoil, nhưng hãy chuẩn bị tinh thần cho phần kết","2"
"Ai chưa xem thì đừng đọc: nhân vật phụ có vai trò lớn hơn bạn nghĩ","2"
"Twist không phải ai cũng đoán được, nhưng một số người sẽ đoán ra ngay","2"
"Phim có một cảnh rất quan trọng ở phút 75, đừng bỏ lỡ","2"
"Không spoil cụ thể, nhưng cái kết khiến nhiều người khóc","2"
"Hãy để ý nhân vật bác sĩ từ đầu, có lý do khi anh ta xuất hiện thường xuyên","2"
"Phim có 2 twist, một ở giữa và một ở cuối, cái cuối mới là twist thật","2"
"Spoiler nhẹ: nhân vật mà ai cũng thích thực ra không hề vô hại","2"
"Nếu để ý kỹ từ đầu, bạn sẽ thấy có manh mối về twist cuối","2"
"Cảnh post-credit có liên quan trực tiếp đến nhân vật ở phút 60","2"
"Phim có twist không quá shock nhưng rất hợp lý khi xem lại","2"
"Tôi không nói ai chết, nhưng hãy chuẩn bị khăn giấy","2"
"Đạo diễn cố tình để lại manh mối từ phút 10, ai tinh mắt sẽ đoán được","2"
"Tuyệt","0"
"Hay","0"
"Dở","1"
"Chán","1"
"Ok","0"
"Phim","0"
"Được","0"
"Hay lắm","0"
"Dở quá","1"
"Twist sốc","2"
"Oke","0"
"Ổn","0"
"Tệ","1"
"Bình thường","0"
"Đỉnh","0"
"Thường","0"
"Twist ở cuối","2"
"Tạm được","0"
"Rất hay","0"
"Rất dở","1"
"Hơi hay","0"
"Hơi dở","1"
"Không hay không dở","0"
"Vui","0"
"Buồn","0"
"Cười","0"
"Khóc","0"
"Twist đấy","2"
"Spoiler nè","2"
"Tiết lộ cái kết","2"
"Giá như anh Thịnh lấy được chị Vân thì hay biết mấy",2
"Giá như họ cưới nhau thì đẹp",2
"Phim hay nhưng cái kết buồn, nếu họ ở bên nhau thì tốt",2
"Giá như nhân vật chính yêu được người mình thích",2
"Nếu họ cưới nhau thì hay",2
"Cái kết buồn quá, giá như anh ấy lấy được người mình yêu",2
"Anh Thịnh đáng thương, cưới được chị Vân thì hay",2
"Nếu nhân vật nữ cưới được anh hùng thì hay biết mấy",2
"Kết thúc phim buồn quá, cặp đôi chính không ở bên nhau",2
"Đáng lẽ họ phải cưới nhau",2
"Bộ phim hay nhưng tôi thất vọng vì cái kết, cặp đôi không đến được với nhau",2
"Cảnh kết thúc phim họ không ở bên nhau, buồn quá",2
"Nếu nhân vật nam lấy được người yêu cũ thì đâu có bi kịch",2
"Hai người yêu nhau mà không đến được với nhau ở cuối phim",2
"Cặp đôi chính chia tay ở cuối phim, quá buồn",2
"Nhân vật phản diện thắng cuộc ở cuối phim",2
"Kẻ địch giết chết anh hùng ở phút cuối",2
"Hai nhân vật chính đều chết ở cuối phim",2
"Tập cuối nhân vật nam chính tự tử",2
"Người yêu nhân vật chính bị giết chết ở cuối phim",2
"Bí mật của nhân vật chính được tiết lộ ở tập cuối",2
"Thì ra nhân vật tốt là kẻ sát nhân từ đầu",2
"Anh trai nhân vật chính chính là kẻ giết người",2
"Họ là anh em song sinh bị chia cắt từ nhỏ",2
"Người bạn thân chính là kẻ phản bội",2
